"";"p0";"h";"phiZero";"phiOne";"phiTwo";"zeroVariance";"firstVariance";"secondVariance";"ESS";"LeftIntervalZero";"RightIntervalZero";"LeftIntervalFirst";"RightIntervalFirst";"LeftIntervalSecond";"RightIntervalSecond";"ZeroInZero";"ZeroSmallerZero";"ZeroBiggerZero";"ZeroInFirst";"ZeroSmallerFirst";"ZeroBiggerFirst";"ZeroInSecond";"ZeroSmallerSecond";"ZeroBiggerSecond";"ColorCodeZero";"ColorCodeFirst";"ColorCodeSecond";"distanceZero";"distanceFirst";"distanceSecond"
"1";0,04;0,0833333333333333;0,00808337184685197;0,193934784564611;-2,51384485757827;NA;NA;NA;6,69375300600371;NA;NA;NA;NA;NA;NA;FALSE;FALSE;FALSE;FALSE;FALSE;FALSE;FALSE;FALSE;FALSE;"grey";"grey";"grey";9999;9999;9999
"2";0,08;0,0833333333333333;0,0102792211491366;0,191920556900317;7,46902629198479;NA;NA;NA;8,35660956838242;NA;NA;NA;NA;NA;NA;FALSE;FALSE;FALSE;FALSE;FALSE;FALSE;FALSE;FALSE;FALSE;"grey";"grey";"grey";9999;9999;9999
"3";0,12;0,0833333333333333;0,0198542900006516;0,636865348477444;12,0437983534446;NA;NA;NA;9,47414064488982;NA;NA;NA;NA;NA;NA;FALSE;FALSE;FALSE;FALSE;FALSE;FALSE;FALSE;FALSE;FALSE;"grey";"grey";"grey";9999;9999;9999
"4";0,16;0,0833333333333333;0,0530776402059179;1,20537101396521;11,3468520009188;NA;NA;NA;10,0725786803772;NA;NA;NA;NA;NA;NA;FALSE;FALSE;FALSE;FALSE;FALSE;FALSE;FALSE;FALSE;FALSE;"grey";"grey";"grey";9999;9999;9999
"5";0,2;0,0833333333333333;0,109777115689526;1,58971067536497;7,60675501500534;NA;NA;NA;10,3279124030405;NA;NA;NA;NA;NA;NA;FALSE;FALSE;FALSE;FALSE;FALSE;FALSE;FALSE;FALSE;FALSE;"grey";"grey";"grey";9999;9999;9999
"6";0,24;0,0833333333333333;0,177438855857671;1,67322363347818;4,16952408031906;NA;NA;NA;10,4147070556686;NA;NA;NA;NA;NA;NA;FALSE;FALSE;FALSE;FALSE;FALSE;FALSE;FALSE;FALSE;FALSE;"grey";"grey";"grey";9999;9999;9999
"7";0,28;0,0833333333333333;0,244202914156036;1,61989420723893;3,26152594746007;NA;NA;NA;10,4382105551922;NA;NA;NA;NA;NA;NA;FALSE;FALSE;FALSE;FALSE;FALSE;FALSE;FALSE;FALSE;FALSE;"grey";"grey";"grey";9999;9999;9999
"8";0,32;0,0833333333333333;0,310380362686666;1,73046998857473;4,21393918226118;NA;NA;NA;10,4432802213731;NA;NA;NA;NA;NA;NA;FALSE;FALSE;FALSE;FALSE;FALSE;FALSE;FALSE;FALSE;FALSE;"grey";"grey";"grey";9999;9999;9999
"9";0,36;0,0833333333333333;0,386278793569173;2,09755680038455;4,27883582410766;NA;NA;NA;10,4441511459914;NA;NA;NA;NA;NA;NA;FALSE;FALSE;FALSE;FALSE;FALSE;FALSE;FALSE;FALSE;FALSE;"grey";"grey";"grey";9999;9999;9999
"10";0,4;0,0833333333333333;0,477820861033997;2,44416029854072;1,69480525647272;NA;NA;NA;10,4442702918475;NA;NA;NA;NA;NA;NA;FALSE;FALSE;FALSE;FALSE;FALSE;FALSE;FALSE;FALSE;FALSE;"grey";"grey";"grey";9999;9999;9999
"11";0,44;0,0833333333333333;0,577105307032338;2,45374243968663;-2,40012139141394;NA;NA;NA;10,4442832700016;NA;NA;NA;NA;NA;NA;FALSE;FALSE;FALSE;FALSE;FALSE;FALSE;FALSE;FALSE;FALSE;"grey";"grey";"grey";9999;9999;9999
"12";0,48;0,0833333333333333;0,669741009437622;2,14252411871393;-5,65024974567023;NA;NA;NA;10,4442843945267;NA;NA;NA;NA;NA;NA;FALSE;FALSE;FALSE;FALSE;FALSE;FALSE;FALSE;FALSE;FALSE;"grey";"grey";"grey";9999;9999;9999
"13";0,52;0,0833333333333333;0,747238828982529;1,73103687009046;-7,071082822307;NA;NA;NA;10,4442844534769;NA;NA;NA;NA;NA;NA;FALSE;FALSE;FALSE;FALSE;FALSE;FALSE;FALSE;FALSE;FALSE;"grey";"grey";"grey";9999;9999;9999
"14";0,56;0,0833333333333333;0,808578687340429;1,34262131887591;-7,04140385269946;NA;NA;NA;10,4442841534995;NA;NA;NA;NA;NA;NA;FALSE;FALSE;FALSE;FALSE;FALSE;FALSE;FALSE;FALSE;FALSE;"grey";"grey";"grey";9999;9999;9999
"15";0,6;0,0833333333333333;0,855353483562715;1,00922146088026;-6,02375067891605;NA;NA;NA;10,4442802213462;NA;NA;NA;NA;NA;NA;FALSE;FALSE;FALSE;FALSE;FALSE;FALSE;FALSE;FALSE;FALSE;"grey";"grey";"grey";9999;9999;9999
"16";0,64;0,0833333333333333;0,890856218700342;0,790051643904194;-4,51551888857693;NA;NA;NA;10,4442397618255;NA;NA;NA;NA;NA;NA;FALSE;FALSE;FALSE;FALSE;FALSE;FALSE;FALSE;FALSE;FALSE;"grey";"grey";"grey";9999;9999;9999
"17";0,68;0,0833333333333333;0,920432953085533;0,705095322265777;-3,3980309525708;NA;NA;NA;10,443908328388;NA;NA;NA;NA;NA;NA;FALSE;FALSE;FALSE;FALSE;FALSE;FALSE;FALSE;FALSE;FALSE;"grey";"grey";"grey";9999;9999;9999
"18";0,72;0,0833333333333333;0,947855388363333;0,656848836275805;-3,27273681720967;NA;NA;NA;10,4417464106937;NA;NA;NA;NA;NA;NA;FALSE;FALSE;FALSE;FALSE;FALSE;FALSE;FALSE;FALSE;FALSE;"grey";"grey";"grey";9999;9999;9999
"19";0,76;0,0833333333333333;0,972039801981934;0,534183264086816;-3,75247922322234;NA;NA;NA;10,4305156743739;NA;NA;NA;NA;NA;NA;FALSE;FALSE;FALSE;FALSE;FALSE;FALSE;FALSE;FALSE;FALSE;"grey";"grey";"grey";9999;9999;9999
"20";0,8;0,0833333333333333;0,989180094524222;0,333415940746591;-3,86971524390872;NA;NA;NA;10,3840471658746;NA;NA;NA;NA;NA;NA;FALSE;FALSE;FALSE;FALSE;FALSE;FALSE;FALSE;FALSE;FALSE;"grey";"grey";"grey";9999;9999;9999
"21";0,84;0,0833333333333333;0,997536526032945;0,135610490705019;-3,03941234333207;NA;NA;NA;10,2308887029992;NA;NA;NA;NA;NA;NA;FALSE;FALSE;FALSE;FALSE;FALSE;FALSE;FALSE;FALSE;FALSE;"grey";"grey";"grey";9999;9999;9999
"22";0,88;0,0833333333333333;0,999361985946445;0,0138947984899139;-1,48043876626283;NA;NA;NA;9,82872819345072;NA;NA;NA;NA;NA;NA;FALSE;FALSE;FALSE;FALSE;FALSE;FALSE;FALSE;FALSE;FALSE;"grey";"grey";"grey";9999;9999;9999
"23";0,92;0,0833333333333333;0,998768650484243;-0,016751585984874;0,160983014170992;NA;NA;NA;8,98738838892985;NA;NA;NA;NA;NA;NA;FALSE;FALSE;FALSE;FALSE;FALSE;FALSE;FALSE;FALSE;FALSE;"grey";"grey";"grey";9999;9999;9999
"24";0,96;0,0833333333333333;0,998785701194293;0,0140972744680065;1,39429351744509;NA;NA;NA;7,58494089450789;NA;NA;NA;NA;NA;NA;FALSE;FALSE;FALSE;FALSE;FALSE;FALSE;FALSE;FALSE;FALSE;"grey";"grey";"grey";9999;9999;9999
"25";1;0,0833333333333333;1;0,0700704195212776;2,1180545908091;NA;NA;NA;5,72214223881458;NA;NA;NA;NA;NA;NA;FALSE;FALSE;FALSE;FALSE;FALSE;FALSE;FALSE;FALSE;FALSE;"grey";"grey";"grey";9999;9999;9999
"26";0,04;0,106840737832235;0,00644762916765529;-0,175222887532607;10,4942379956715;NA;NA;NA;8,1778820635986;NA;NA;NA;NA;NA;NA;FALSE;FALSE;FALSE;FALSE;FALSE;FALSE;FALSE;FALSE;FALSE;"grey";"grey";"grey";9999;9999;9999
"27";0,08;0,106840737832235;0,00469166665966589;0,198369258233737;12,7093064934639;NA;NA;NA;9,96431415727411;NA;NA;NA;NA;NA;NA;FALSE;FALSE;FALSE;FALSE;FALSE;FALSE;FALSE;FALSE;FALSE;"grey";"grey";"grey";9999;9999;9999
"28";0,12;0,106840737832235;0,020501047626948;0,688546643794426;11,9772518425341;NA;NA;NA;11,3651566663256;NA;NA;NA;NA;NA;NA;FALSE;FALSE;FALSE;FALSE;FALSE;FALSE;FALSE;FALSE;FALSE;"grey";"grey";"grey";9999;9999;9999
"29";0,16;0,106840737832235;0,057348843684582;1,11903281000087;9,64519143224616;NA;NA;NA;12,3211352619338;NA;NA;NA;NA;NA;NA;FALSE;FALSE;FALSE;FALSE;FALSE;FALSE;FALSE;FALSE;FALSE;"grey";"grey";"grey";9999;9999;9999
"30";0,2;0,106840737832235;0,110419320443966;1,41346112910034;7,10968103460714;NA;NA;NA;12,8888883807464;NA;NA;NA;NA;NA;NA;FALSE;FALSE;FALSE;FALSE;FALSE;FALSE;FALSE;FALSE;FALSE;"grey";"grey";"grey";9999;9999;9999
"31";0,24;0,106840737832235;0,172728018491208;1,59761195222553;5,27435037189334;NA;NA;NA;13,1823278971351;NA;NA;NA;NA;NA;NA;FALSE;FALSE;FALSE;FALSE;FALSE;FALSE;FALSE;FALSE;FALSE;"grey";"grey";"grey";9999;9999;9999
"32";0,28;0,106840737832235;0,240343341153731;1,75142380387002;4,24507746189569;NA;NA;NA;13,3143113202396;NA;NA;NA;NA;NA;NA;FALSE;FALSE;FALSE;FALSE;FALSE;FALSE;FALSE;FALSE;FALSE;"grey";"grey";"grey";9999;9999;9999
"33";0,32;0,106840737832235;0,313686723091317;1,93550920417989;3,48025711752409;NA;NA;NA;13,3659713634064;NA;NA;NA;NA;NA;NA;FALSE;FALSE;FALSE;FALSE;FALSE;FALSE;FALSE;FALSE;FALSE;"grey";"grey";"grey";9999;9999;9999
"34";0,36;0,106840737832235;0,394767913424503;2,13784002309054;2,30779011863859;NA;NA;NA;13,3835674615153;NA;NA;NA;NA;NA;NA;FALSE;FALSE;FALSE;FALSE;FALSE;FALSE;FALSE;FALSE;FALSE;"grey";"grey";"grey";9999;9999;9999
"35";0,4;0,106840737832235;0,483257214863712;2,27795589614469;0,441339522374028;NA;NA;NA;13,3887828912982;NA;NA;NA;NA;NA;NA;FALSE;FALSE;FALSE;FALSE;FALSE;FALSE;FALSE;FALSE;FALSE;"grey";"grey";"grey";9999;9999;9999
"36";0,44;0,106840737832235;0,57474349284865;2,26749976277065;-1,84667278353332;NA;NA;NA;13,390127534301;NA;NA;NA;NA;NA;NA;FALSE;FALSE;FALSE;FALSE;FALSE;FALSE;FALSE;FALSE;FALSE;"grey";"grey";"grey";9999;9999;9999
"37";0,48;0,106840737832235;0,662239819632128;2,07896901434884;-3,94963854926351;NA;NA;NA;13,3904255152571;NA;NA;NA;NA;NA;NA;FALSE;FALSE;FALSE;FALSE;FALSE;FALSE;FALSE;FALSE;FALSE;"grey";"grey";"grey";9999;9999;9999
"38";0,52;0,106840737832235;0,739377422966717;1,76378739408553;-5,32661594568953;NA;NA;NA;13,3904597427144;NA;NA;NA;NA;NA;NA;FALSE;FALSE;FALSE;FALSE;FALSE;FALSE;FALSE;FALSE;FALSE;"grey";"grey";"grey";9999;9999;9999
"39";0,56;0,106840737832235;0,802854135805323;1,41232964985283;-5,78032732720404;NA;NA;NA;13,3903340073621;NA;NA;NA;NA;NA;NA;FALSE;FALSE;FALSE;FALSE;FALSE;FALSE;FALSE;FALSE;FALSE;"grey";"grey";"grey";9999;9999;9999
"40";0,6;0,106840737832235;0,852876405456834;1,10222151177102;-5,4775056370292;NA;NA;NA;13,3896870424163;NA;NA;NA;NA;NA;NA;FALSE;FALSE;FALSE;FALSE;FALSE;FALSE;FALSE;FALSE;FALSE;"grey";"grey";"grey";9999;9999;9999
"41";0,64;0,106840737832235;0,892027929450193;0,870732554195203;-4,79516849040016;NA;NA;NA;13,3869920496651;NA;NA;NA;NA;NA;NA;FALSE;FALSE;FALSE;FALSE;FALSE;FALSE;FALSE;FALSE;FALSE;"grey";"grey";"grey";9999;9999;9999
"42";0,68;0,106840737832235;0,923564603529692;0,712106432086751;-4,12765055200448;NA;NA;NA;13,3772443186663;NA;NA;NA;NA;NA;NA;FALSE;FALSE;FALSE;FALSE;FALSE;FALSE;FALSE;FALSE;FALSE;"grey";"grey";"grey";9999;9999;9999
"43";0,72;0,106840737832235;0,949851708468504;0,591865909449559;-3,72188877599546;NA;NA;NA;13,3465659063337;NA;NA;NA;NA;NA;NA;FALSE;FALSE;FALSE;FALSE;FALSE;FALSE;FALSE;FALSE;FALSE;"grey";"grey";"grey";9999;9999;9999
"44";0,76;0,106840737832235;0,971498853684784;0,471452364167397;-3,57945899651399;NA;NA;NA;13,262545796988;NA;NA;NA;NA;NA;NA;FALSE;FALSE;FALSE;FALSE;FALSE;FALSE;FALSE;FALSE;FALSE;"grey";"grey";"grey";9999;9999;9999
"45";0,8;0,106840737832235;0,987649452917781;0,33183775237057;-3,47417012761096;NA;NA;NA;13,0622996365021;NA;NA;NA;NA;NA;NA;FALSE;FALSE;FALSE;FALSE;FALSE;FALSE;FALSE;FALSE;FALSE;"grey";"grey";"grey";9999;9999;9999
"46";0,84;0,106840737832235;0,997310437246941;0,183526488242469;-3,09464679379696;NA;NA;NA;12,6469790614668;NA;NA;NA;NA;NA;NA;FALSE;FALSE;FALSE;FALSE;FALSE;FALSE;FALSE;FALSE;FALSE;"grey";"grey";"grey";9999;9999;9999
"47";0,88;0,106840737832235;1;0,0583933539454619;-2,23120584955274;NA;NA;NA;11,8973480291961;NA;NA;NA;NA;NA;NA;FALSE;FALSE;FALSE;FALSE;FALSE;FALSE;FALSE;FALSE;FALSE;"grey";"grey";"grey";9999;9999;9999
"48";0,92;0,106840737832235;1;-0,00967868273823685;-0,887979310606927;NA;NA;NA;10,7198452909562;NA;NA;NA;NA;NA;NA;FALSE;FALSE;FALSE;FALSE;FALSE;FALSE;FALSE;FALSE;FALSE;"grey";"grey";"grey";9999;9999;9999
"49";0,96;0,106840737832235;0,999163351408022;-0,0024976724792308;0,736481112738053;NA;NA;NA;9,11019796457069;NA;NA;NA;NA;NA;NA;FALSE;FALSE;FALSE;FALSE;FALSE;FALSE;FALSE;FALSE;FALSE;"grey";"grey";"grey";9999;9999;9999
"50";1;0,106840737832235;1;0,0757972148479165;2,36166563511159;NA;NA;NA;7,19525035831793;NA;NA;NA;NA;NA;NA;FALSE;FALSE;FALSE;FALSE;FALSE;FALSE;FALSE;FALSE;FALSE;"grey";"grey";"grey";9999;9999;9999
"51";0,04;0,136979319126435;0,00595730545599217;-0,276126034707966;13,5418518341131;NA;NA;NA;10,0733033792306;NA;NA;NA;NA;NA;NA;FALSE;FALSE;FALSE;FALSE;FALSE;FALSE;FALSE;FALSE;FALSE;"grey";"grey";"grey";9999;9999;9999
"52";0,08;0,136979319126435;0,0051798047961427;0,231116288512123;12,1311930687355;NA;NA;NA;11,9400891750205;NA;NA;NA;NA;NA;NA;FALSE;FALSE;FALSE;FALSE;FALSE;FALSE;FALSE;FALSE;FALSE;"grey";"grey";"grey";9999;9999;9999
"53";0,12;0,136979319126435;0,0241893082178083;0,686051579423387;10,3562602623427;NA;NA;NA;13,5493674917126;NA;NA;NA;NA;NA;NA;FALSE;FALSE;FALSE;FALSE;FALSE;FALSE;FALSE;FALSE;FALSE;"grey";"grey";"grey";9999;9999;9999
"54";0,16;0,136979319126435;0,0603568770909405;1,06431082999179;8,60882543505574;NA;NA;NA;14,8238423543368;NA;NA;NA;NA;NA;NA;FALSE;FALSE;FALSE;FALSE;FALSE;FALSE;FALSE;FALSE;FALSE;"grey";"grey";"grey";9999;9999;9999
"55";0,2;0,136979319126435;0,110028704587021;1,37174927272749;7,07594018739091;NA;NA;NA;15,7510869960891;NA;NA;NA;NA;NA;NA;FALSE;FALSE;FALSE;FALSE;FALSE;FALSE;FALSE;FALSE;FALSE;"grey";"grey";"grey";9999;9999;9999
"56";0,24;0,136979319126435;0,170255665540116;1,62653583327336;5,75115503802508;NA;NA;NA;16,370841377663;NA;NA;NA;NA;NA;NA;FALSE;FALSE;FALSE;FALSE;FALSE;FALSE;FALSE;FALSE;FALSE;"grey";"grey";"grey";9999;9999;9999
"57";0,28;0,136979319126435;0,239277065131089;1,84222811867989;4,50471994134229;NA;NA;NA;16,7513861284168;NA;NA;NA;NA;NA;NA;FALSE;FALSE;FALSE;FALSE;FALSE;FALSE;FALSE;FALSE;FALSE;"grey";"grey";"grey";9999;9999;9999
"58";0,32;0,136979319126435;0,315964093302833;2,01775026245696;3,18498902250247;0,00208048699435339;0,0531964317632141;3,82621711794961;16,9660442807256;-0,0934344811589456;0,0853626677646125;1,56569727659551;2,46980324831841;-0,648841372499163;7,0188194175041;TRUE;FALSE;FALSE;FALSE;TRUE;FALSE;TRUE;FALSE;FALSE;"camel";"blue";"green";-3;-3;-1,62825767759547
"59";0,36;0,136979319126435;0,398840620923391;2,13719766982735;1,70964372395127;0,0023275620574955;0,0600594012479981;3,39803493406077;17,0772705381099;-0,0557174765430819;0,133398718389864;1,65686891086144;2,61752642879326;-1,90330676982449;5,32259421772703;TRUE;FALSE;FALSE;FALSE;TRUE;FALSE;TRUE;FALSE;FALSE;"camel";"blue";"green";-3;-3;-0,927452543596184
"60";0,4;0,136979319126435;0,485373837772658;2,17826429861427;0,110790923310954;0,00241548276501903;0,0710347669533418;3,01092753101713;17,1301739139013;-0,0109536119699621;0,181701287515278;1,65588787103654;2,70064072619199;-3,29014337809749;3,5117252247194;TRUE;FALSE;FALSE;FALSE;TRUE;FALSE;TRUE;FALSE;FALSE;"camel";"blue";"green";-3;-3;-0,0638489897947989
"61";0,44;0,136979319126435;0,571946717631038;2,12463509775943;-1,47856090226651;0,00237737921764137;0,0760698413694234;2,66535600441158;17,1531381935056;0,0363820569779315;0,227511378284144;1,58406210257989;2,66520809293896;-4,6783820431175;1,72126023858448;FALSE;TRUE;FALSE;FALSE;TRUE;FALSE;TRUE;FALSE;FALSE;"yellow";"blue";"green";-3;-3;0,90565253176017
"62";0,48;0,136979319126435;0,654476804898718;1,97627448110662;-2,88051095387021;0,00225846805078856;0,0689933542818144;2,38217333205447;17,1617864681948;0,0813327658250473;0,267620843972389;1,46145885452255;2,49109010769069;-5,90557636784773;0,144554460107305;FALSE;TRUE;FALSE;FALSE;TRUE;FALSE;TRUE;FALSE;FALSE;"yellow";"blue";"green";-3;-3;1,86630599806947
"63";0,52;0,136979319126435;0,729312115341199;1,75264985643184;-3,93849131547262;0,00207257483201952;0,0538151151182571;2,12641406023631;17,1631997216669;0,120083695709279;0,298540534973118;1,29797574384382;2,20732396901985;-6,79655570385556;-1,08042692708967;FALSE;TRUE;FALSE;FALSE;TRUE;FALSE;FALSE;FALSE;TRUE;"yellow";"blue";"cyan";-3;-3;2,70088426388377
"64";0,56;0,136979319126435;0,793985913815765;1,48732416049732;-4,56634293112491;0,00181684374401643;0,0380969092741242;1,84519210317877;17,1586508374886;0,150443526812072;0,317528300819458;1,10476997064669;1,86987835034794;-7,22871583525221;-1,90397002699761;FALSE;TRUE;FALSE;FALSE;TRUE;FALSE;FALSE;FALSE;TRUE;"yellow";"blue";"cyan";-3;-3;3
"65";0,6;0,136979319126435;0,847576445001393;1,21679970910115;-4,76894570062165;0,00150878731681874;0,0253867787207581;1,53632302279391;17,14417678781;0,171445345267153;0,323707544735632;0,904514158609506;1,52908525959278;-7,19829162645171;-2,33959977479159;FALSE;TRUE;FALSE;FALSE;TRUE;FALSE;FALSE;FALSE;TRUE;"yellow";"blue";"cyan";-3;-3;3
"66";0,64;0,136979319126435;0,890602800694786;0,969360463625293;-4,63399307257316;0,00119530797052379;0,0161349398454881;1,26234098594462;17,1088856804027;0,182840522495078;0,318365078894494;0,720399207621835;1,21832171962875;-6,83609000849144;-2,43189613665487;FALSE;TRUE;FALSE;FALSE;TRUE;FALSE;FALSE;FALSE;TRUE;"yellow";"blue";"cyan";-3;-3;3
"67";0,68;0,136979319126435;0,924525081375708;0,758840459384792;-4,29871068928809;0,000928391678213166;0,01371058954591;1,11669233458681;17,0313422490583;0,184805918610889;0,304244244140527;0,529343912247253;0,988337006522332;-6,36987645249973;-2,22754492607646;FALSE;TRUE;FALSE;FALSE;TRUE;FALSE;FALSE;FALSE;TRUE;"yellow";"blue";"cyan";-3;-3;3
"68";0,72;0,136979319126435;0,951046485593158;0,584847045329459;-3,90152250033246;NA;NA;NA;16,8751736082102;NA;NA;NA;NA;NA;NA;FALSE;FALSE;FALSE;FALSE;FALSE;FALSE;FALSE;FALSE;FALSE;"grey";"grey";"grey";9999;9999;9999
"69";0,76;0,136979319126435;0,971502464448064;0,437921178300298;-3,53576989191275;NA;NA;NA;16,5863165845558;NA;NA;NA;NA;NA;NA;FALSE;FALSE;FALSE;FALSE;FALSE;FALSE;FALSE;FALSE;FALSE;"grey";"grey";"grey";9999;9999;9999
"70";0,8;0,136979319126435;0,98658537367124;0,306831353153356;-3,22250890618751;NA;NA;NA;16,0955017146281;NA;NA;NA;NA;NA;NA;FALSE;FALSE;FALSE;FALSE;FALSE;FALSE;FALSE;FALSE;FALSE;"grey";"grey";"grey";9999;9999;9999
"71";0,84;0,136979319126435;0,996495912297662;0,185234551397595;-2,91090765484315;NA;NA;NA;15,3293553391261;NA;NA;NA;NA;NA;NA;FALSE;FALSE;FALSE;FALSE;FALSE;FALSE;FALSE;FALSE;FALSE;"grey";"grey";"grey";9999;9999;9999
"72";0,88;0,136979319126435;1;0,0756287581386734;-2,50344214149401;NA;NA;NA;14,230684812736;NA;NA;NA;NA;NA;NA;FALSE;FALSE;FALSE;FALSE;FALSE;FALSE;FALSE;FALSE;FALSE;"grey";"grey";"grey";9999;9999;9999
"73";0,92;0,136979319126435;1;-0,0104023056040186;-1,89453634578479;NA;NA;NA;12,7832939947005;NA;NA;NA;NA;NA;NA;FALSE;FALSE;FALSE;FALSE;FALSE;FALSE;FALSE;FALSE;FALSE;"grey";"grey";"grey";9999;9999;9999
"74";0,96;0,136979319126435;1;-0,0553876968058125;-1,00824886327016;NA;NA;NA;11,0315631806722;NA;NA;NA;NA;NA;NA;FALSE;FALSE;FALSE;FALSE;FALSE;FALSE;FALSE;FALSE;FALSE;"grey";"grey";"grey";9999;9999;9999
"75";1;0,136979319126435;0,998390122037923;-0,041249514997227;0,176859558059688;NA;NA;NA;9,08390585904662;NA;NA;NA;NA;NA;NA;FALSE;FALSE;FALSE;FALSE;FALSE;FALSE;FALSE;FALSE;FALSE;"grey";"grey";"grey";9999;9999;9999
"76";0,04;0,175619658278706;0,00535242159413755;-0,234912074140345;12,9104688228949;NA;NA;NA;12,4988660370951;NA;NA;NA;NA;NA;NA;FALSE;FALSE;FALSE;FALSE;FALSE;FALSE;FALSE;FALSE;FALSE;"grey";"grey";"grey";9999;9999;9999
"77";0,08;0,175619658278706;0,00590783171062554;0,253300595619649;11,5043488855913;NA;NA;NA;14,4165690944213;NA;NA;NA;NA;NA;NA;FALSE;FALSE;FALSE;FALSE;FALSE;FALSE;FALSE;FALSE;FALSE;"grey";"grey";"grey";9999;9999;9999
"78";0,12;0,175619658278706;0,0248421079382267;0,685050709189902;10,1059960573602;NA;NA;NA;16,1683565176986;NA;NA;NA;NA;NA;NA;FALSE;FALSE;FALSE;FALSE;FALSE;FALSE;FALSE;FALSE;FALSE;"grey";"grey";"grey";9999;9999;9999
"79";0,16;0,175619658278706;0,059852637040352;1,0610213264478;8,71874137207621;NA;NA;NA;17,6879349849456;NA;NA;NA;NA;NA;NA;FALSE;FALSE;FALSE;FALSE;FALSE;FALSE;FALSE;FALSE;FALSE;"grey";"grey";"grey";9999;9999;9999
"80";0,2;0,175619658278706;0,10874811606673;1,38211557490105;7,32676098172972;0,00101957247062337;0,0932265889663481;6,34692586250229;18,9396417596109;-0,153834993959962;-0,0286687739065783;0,783679193563811;1,98055195623828;2,38900295416285;12,2645190092966;FALSE;FALSE;TRUE;FALSE;TRUE;FALSE;FALSE;TRUE;FALSE;"olivedrab";"blue";"orange";-3;-3;-2,90824045393729
"81";0,24;0,175619658278706;0,169443645336897;1,64738272505433;5,91174762589054;0,00132404401094986;0,016628008068162;4,77930978759977;19,9186934596676;-0,141874378646178;0,000761669319973152;1,39464608690304;1,90011936320562;1,62694637724377;10,1965488745373;TRUE;FALSE;FALSE;FALSE;TRUE;FALSE;FALSE;TRUE;FALSE;"camel";"blue";"orange";-3;-3;-2,7041656683831
"82";0,28;0,175619658278706;0,239809616514434;1,85364492932332;4,46662915524677;0,00163095830227653;0,0193573043834471;3,52964077209703;20,6457709508709;-0,119343773535926;0,0389630065647948;1,58095410133555;2,12633575731108;0,784378528543892;8,14887978194966;TRUE;FALSE;FALSE;FALSE;TRUE;FALSE;FALSE;TRUE;FALSE;"camel";"blue";"orange";-3;-3;-2,37746779458601
"83";0,32;0,175619658278706;0,317507292155377;1,99653268487672;3,00340643570785;0,0018867140758522;0,0240150779052498;2,62381539610331;21,1582077878861;-0,0876263347426364;0,0826409190533909;1,69280100584277;2,30026436391066;-0,171381556778272;6,17819442819398;TRUE;FALSE;FALSE;FALSE;TRUE;FALSE;TRUE;FALSE;FALSE;"camel";"blue";"green";-3;-3;-1,85416111527924
"84";0,36;0,175619658278706;0,399911734504316;2,07229978587623;1,5540243057603;0,00204947233638905;0,0302088068727679;1,98014775828897;21,500423397474;-0,0488179875982038;0,128641456606835;1,73164469986688;2,41295487188558;-1,20399238605954;4,31204099758015;TRUE;FALSE;FALSE;FALSE;TRUE;FALSE;TRUE;FALSE;FALSE;"camel";"blue";"green";-3;-3;-1,10435577834748
"85";0,4;0,175619658278706;0,484164451469295;2,07967926231832;0,165345406595603;0,00210770333054173;0,0375072433026655;1,52524755859903;21,7157198193054;-0,00581696633747175;0,174145869276062;1,70009721502822;2,45926130960843;-2,25522801466689;2,5859188278581;TRUE;FALSE;FALSE;FALSE;TRUE;FALSE;TRUE;FALSE;FALSE;"camel";"blue";"green";-3;-3;-0,133881930244235
"86";0,44;0,175619658278706;0,567339443021249;2,02118543892827;-1,10917027036293;0,00207488868283192;0,0419088230348659;1,21044173966916;21,8405362068866;0,0380612293707556;0,216617656671742;1,6199485788167;2,42242229903984;-3,26552416010099;1,04718361937513;FALSE;TRUE;FALSE;FALSE;TRUE;FALSE;TRUE;FALSE;FALSE;"yellow";"blue";"green";-3;-3;1,00815260100835
"87";0,48;0,175619658278706;0,646670040543232;1,90356862049171;-2,21822183696906;0,00197290351808066;0,0400975317577858;1,00179548674017;21,9012111391534;0,0796135782793117;0,253726502807153;1,5110982177108;2,29603902327262;-4,17994457708031;-0,256499096857818;FALSE;TRUE;FALSE;FALSE;TRUE;FALSE;FALSE;FALSE;TRUE;"yellow";"blue";"cyan";-3;-3;2,21623312065654
"88";0,52;0,175619658278706;0,719777331965037;1,7374291367233;-3,1199100995291;0,00181954740515981;0,0321157656278415;0,871928821715037;21,9126006947853;0,116172807989224;0,28338185594085;1,38618649814646;2,08867177530013;-4,95006819739788;-1,28975200166032;FALSE;TRUE;FALSE;FALSE;TRUE;FALSE;FALSE;FALSE;TRUE;"yellow";"blue";"cyan";-3;-3;3
"89";0,56;0,175619658278706;0,784854559728069;1,53617924258382;-3,7867992531568;0,00162687460324153;0,0212530850713688;0,799335103136458;21,8776862994084;0,145800326477816;0,303908792978322;1,25044711083386;1,82191137433377;-5,53911568651979;-2,03448281979381;FALSE;TRUE;FALSE;FALSE;TRUE;FALSE;FALSE;FALSE;TRUE;"yellow";"blue";"cyan";-3;-3;3
"90";0,6;0,175619658278706;0,840780040284297;1,31459294798847;-4,20894121072596;0,00140685244671527;0,0124097197941611;0,772773879426845;21,7875320192204;0,167265648898328;0,314294431670267;1,09625507320349;1,53293082277346;-5,93189769175683;-2,48598472969509;FALSE;TRUE;FALSE;FALSE;TRUE;FALSE;FALSE;FALSE;TRUE;"yellow";"blue";"cyan";-3;-3;3
"91";0,64;0,175619658278706;0,887144384355468;1,08717444524384;-4,39502483542759;0,0011766772216992;0,0102045960118058;0,797748389452816;21,6214491186371;0,179912270805423;0,314376497905514;0,8891831945251;1,28516569596258;-6,14560119404724;-2,64444847680793;FALSE;TRUE;FALSE;FALSE;TRUE;FALSE;FALSE;FALSE;TRUE;"yellow";"blue";"cyan";-3;-3;3
"92";0,68;0,175619658278706;0,924187006668442;0,86657936438255;-4,37136407153919;0,000958516291856935;0,0165230065232903;0,905101235919767;21,3477802317479;0,183506689726843;0,30486732361004;0,614641973046369;1,11851675571873;-6,23601125702634;-2,50671688605205;FALSE;TRUE;FALSE;FALSE;TRUE;FALSE;FALSE;FALSE;TRUE;"yellow";"blue";"cyan";-3;-3;3
"93";0,72;0,175619658278706;0,952648886564112;0,66235652419119;-4,17817276904468;0,000773883389182055;0,026062929616662;1,16446728273855;20,9261026355434;0,178125119530258;0,287172653597967;0,345939598491796;0,978773449890585;-6,29317941553204;-2,06316612255732;FALSE;TRUE;FALSE;FALSE;TRUE;FALSE;FALSE;FALSE;TRUE;"yellow";"blue";"cyan";-3;-3;3
"94";0,76;0,175619658278706;0,97356749963826;0,480291519878023;-3,8629729753276;0,000636826821144871;0,0226147045290595;1,69873824326047;20,3116713898554;0,164106969825676;0,263028029450845;0,185548485710044;0,775034554046003;-6,41750483236587;-1,30844111828933;FALSE;TRUE;FALSE;FALSE;TRUE;FALSE;FALSE;FALSE;TRUE;"yellow";"blue";"cyan";-3;-3;2,96386513404918
"95";0,8;0,175619658278706;0,988061238638535;0,32255693720786;-3,47199081923556;0,000550223493079064;0,0034051046725681;2,65654985737878;19,4624604870348;0,142086670768443;0,234035806508627;0,20818662034276;0,436927254072961;-6,66652159577245;-0,277460042698659;FALSE;TRUE;FALSE;FALSE;TRUE;FALSE;FALSE;FALSE;TRUE;"yellow";"blue";"cyan";-3;-3;2,13019608711752
"96";0,84;0,175619658278706;0,997162422834615;0,188685435162201;-3,0414202391985;NA;NA;NA;18,3482546420225;NA;NA;NA;NA;NA;NA;FALSE;FALSE;FALSE;FALSE;FALSE;FALSE;FALSE;FALSE;FALSE;"grey";"grey";"grey";9999;9999;9999
"97";0,88;0,175619658278706;1;0,0771426134616287;-2,59079717391762;NA;NA;NA;16,9601534228749;NA;NA;NA;NA;NA;NA;FALSE;FALSE;FALSE;FALSE;FALSE;FALSE;FALSE;FALSE;FALSE;"grey";"grey";"grey";9999;9999;9999
"98";0,92;0,175619658278706;1;-0,0129063774577899;-2,12017117745733;NA;NA;NA;15,3180152644167;NA;NA;NA;NA;NA;NA;FALSE;FALSE;FALSE;FALSE;FALSE;FALSE;FALSE;FALSE;FALSE;"grey";"grey";"grey";9999;9999;9999
"99";0,96;0,175619658278706;1;-0,0800907321997571;-1,61160018325437;NA;NA;NA;13,4732607910489;NA;NA;NA;NA;NA;NA;FALSE;FALSE;FALSE;FALSE;FALSE;FALSE;FALSE;FALSE;FALSE;"grey";"grey";"grey";9999;9999;9999
"100";1;0,175619658278706;0,996703116539638;-0,119950236550853;-1,03430028614097;NA;NA;NA;11,5053298386556;NA;NA;NA;NA;NA;NA;FALSE;FALSE;FALSE;FALSE;FALSE;FALSE;FALSE;FALSE;FALSE;"grey";"grey";"grey";9999;9999;9999
"101";0,04;0,225160006420102;0,0050272111809182;-0,222982091602276;12,7879547484129;NA;NA;NA;15,6056428180632;NA;NA;NA;NA;NA;NA;FALSE;FALSE;FALSE;FALSE;FALSE;FALSE;FALSE;FALSE;FALSE;"grey";"grey";"grey";9999;9999;9999
"102";0,08;0,225160006420102;0,00598554922533212;0,266352919801993;11,3243514987377;NA;NA;NA;17,5548274696528;NA;NA;NA;NA;NA;NA;FALSE;FALSE;FALSE;FALSE;FALSE;FALSE;FALSE;FALSE;FALSE;"grey";"grey";"grey";9999;9999;9999
"103";0,12;0,225160006420102;0,025608679236102;0,697098969012691;9,84802428606395;0,000411440890101097;14,3539814474737;3,12960277355248;19,3991642818051;-0,134147241536446;-0,0546353999913501;-6,72854771282437;8,12274565084975;6,38071406346604;13,3153345086619;FALSE;FALSE;TRUE;TRUE;FALSE;FALSE;FALSE;TRUE;FALSE;"olivedrab";"purple";"orange";-1,26250601216253;-0,183995944254496;-3
"104";0,16;0,225160006420102;0,0616189350668494;1,06744687036029;8,36837210673208;0,000709322906570113;3,05346058044381;4,40654209718449;21,0898370073272;-0,150581014513243;-0,0461811153530586;-2,35742437983112;4,4923181205517;4,25406171397009;12,4826824994941;FALSE;FALSE;TRUE;TRUE;FALSE;FALSE;FALSE;TRUE;FALSE;"olivedrab";"purple";"orange";-2,313620884086;-0,610871845532656;-3
"105";0,2;0,225160006420102;0,111622606776241;1,37599360304096;6,89699112088984;0,001028168767894;0,530609509911669;4,48610337619243;22,5909196177505;-0,151223777229432;-0,0255310092180847;-0,0517019465053619;2,80368915258728;2,74570440650596;11,0482778352737;FALSE;FALSE;TRUE;TRUE;FALSE;FALSE;FALSE;TRUE;FALSE;"olivedrab";"purple";"orange";-3;-1,88898670012299;-3
"106";0,24;0,225160006420102;0,173121954697097;1,62192988525086;5,44775906062737;0,00133377934834569;0,0645461549252112;3,83901731804996;23,8810721315513;-0,138457780162444;0,0047016895566383;1,12398270313277;2,11987706736895;1,60752118528416;9,28799693597058;TRUE;FALSE;FALSE;FALSE;TRUE;FALSE;FALSE;TRUE;FALSE;"camel";"blue";"orange";-3;-3;-2,78040368901032
"107";0,28;0,225160006420102;0,243540440735108;1,80525692614425;4,03649407296832;0,00159410088707979;0,00845795171262353;2,97427958859687;24,9532103436244;-0,11471345957503;0,0417943410452457;1,6250046773054;1,9855091749831;0,656320621675336;7,41666752426131;TRUE;FALSE;FALSE;FALSE;TRUE;FALSE;FALSE;TRUE;FALSE;"camel";"blue";"orange";-3;-3;-2,34052575136375
"108";0,32;0,225160006420102;0,320264005336392;1,9269824920104;2,68032534369705;0,00178445561162633;0,0127817478254894;2,17158218517737;25,8123811289102;-0,0825303951350116;0,0830584058077948;1,7053960350052;2,14856894901559;-0,207934260305297;5,5685849476994;TRUE;FALSE;FALSE;FALSE;TRUE;FALSE;TRUE;FALSE;FALSE;"camel";"blue";"green";-3;-3;-1,81886044219032
"109";0,36;0,225160006420102;0,40069693059925;1,98926267684305;1,39690768065646;0,00189309079167567;0,0205537772490937;1,53512607192978;26,472334815325;-0,0445804422499255;0,125974303448426;1,70827070380447;2,27025464988163;-1,03149170780751;3,82530706912043;TRUE;FALSE;FALSE;FALSE;TRUE;FALSE;TRUE;FALSE;FALSE;"camel";"blue";"green";-3;-3;-1,12744582164709
"110";0,4;0,225160006420102;0,482328111218319;1,99547095849352;0,203587353946626;0,00192187512753667;0,0266456268848365;1,07733856932891;26,9514193376702;-0,00359513453594973;0,168251356972587;1,67553646765253;2,3154054493345;-1,83075572184529;2,23793042973854;TRUE;FALSE;FALSE;FALSE;TRUE;FALSE;TRUE;FALSE;FALSE;"camel";"blue";"green";-3;-3;-0,196143849182305
"111";0,44;0,225160006420102;0,56280219930069;1,95018803598161;-0,883404710556664;0,00188247488052013;0,0298294921391886;0,774049407590581;27,2684267778362;0,0377642681492966;0,207840130452084;1,61167841175371;2,28869766020951;-2,60778254747115;0,840973126357826;FALSE;TRUE;FALSE;FALSE;TRUE;FALSE;TRUE;FALSE;FALSE;"yellow";"blue";"green";-3;-3;1,00409630615657
"112";0,48;0,225160006420102;0,639989720049713;1,85911431546073;-1,84968397462358;0,00179073187482131;0,0282471520408058;0,59289506482246;27,4389330734901;0,0770498457067261;0,2429295943927;1,5297053426524;2,18852328826907;-3,35884996168672;-0,340517987560446;FALSE;TRUE;FALSE;FALSE;TRUE;FALSE;FALSE;FALSE;TRUE;"yellow";"blue";"cyan";-3;-3;2,40219697774798
"113";0,52;0,225160006420102;0,712050535426666;1,72891256187733;-2,68333895583415;0,00166197478429609;0,0220446868241381;0,505872443733691;27,4725329947498;0,112148046761385;0,271953024091948;1,4379078254038;2,01991729835085;-4,07735766486458;-1,28932024680372;FALSE;TRUE;FALSE;FALSE;TRUE;FALSE;FALSE;FALSE;TRUE;"yellow";"blue";"cyan";-3;-3;3
"114";0,56;0,225160006420102;0,777485743887962;1,56699214149718;-3,37543687244734;0,00150873005443948;0,0146715629565505;0,494292187623009;27,3712277467333;0,141356088853456;0,293615398922468;1,3295890982715;1,80439518472285;-4,75340751224509;-1,9974662326496;FALSE;TRUE;FALSE;FALSE;TRUE;FALSE;FALSE;FALSE;TRUE;"yellow";"blue";"cyan";-3;-3;3
"115";0,6;0,225160006420102;0,835174122548632;1,38124906620456;-3,9203978123598;0,00134080194924418;0,0110973925505424;0,550687774444155;27,1290962683424;0,163406194650943;0,306942050446322;1,17477830193033;1,5877198304788;-5,37485455237887;-2,46594107234072;FALSE;TRUE;FALSE;FALSE;TRUE;FALSE;FALSE;FALSE;TRUE;"yellow";"blue";"cyan";-3;-3;3
"116";0,64;0,225160006420102;0,884390454889268;1,17977794412931;-4,31622932443608;0,00116667042383486;0,0134980030147398;0,67938923290998;26,7332751828041;0,177444832250567;0,311336077527969;0,952067551870348;1,40748833638826;-5,9317310302373;-2,70072761863486;FALSE;TRUE;FALSE;FALSE;TRUE;FALSE;FALSE;FALSE;TRUE;"yellow";"blue";"cyan";-3;-3;3
"117";0,68;0,225160006420102;0,92480445284919;0,970573057158903;-4,56461273201938;0,00099489086510799;0,0168034319122643;0,894786934405501;26,1661712250105;0,182983483191661;0,306625422506719;0,716506743497881;1,22463937081993;-6,41860495471447;-2,7106205093243;FALSE;TRUE;FALSE;FALSE;TRUE;FALSE;FALSE;FALSE;TRUE;"yellow";"blue";"cyan";-3;-3;3
"118";0,72;0,225160006420102;0,956460395665682;0,761236394540387;-4,67082927093203;0,000834575933439826;0,010383407709602;1,21234208379981;25,4087148576122;0,179838941418626;0,293081849912738;0,56151800997123;0,960954779109545;-6,82887519062686;-2,51278335123721;FALSE;TRUE;FALSE;FALSE;TRUE;FALSE;FALSE;FALSE;TRUE;"yellow";"blue";"cyan";-3;-3;3
"119";0,76;0,225160006420102;0,979739031298734;0,55871103213462;-4,64350944836804;0,000694771513860067;0,00459058248243511;1,6208921533057;24,4443266569166;0,168077283745202;0,271400778852265;0,4259159510161;0,69150611325314;-7,13882314802788;-2,14819574870821;FALSE;TRUE;FALSE;FALSE;TRUE;FALSE;FALSE;FALSE;TRUE;"yellow";"blue";"cyan";-3;-3;3
"120";0,8;0,225160006420102;0,995304744448325;0,369059128050896;-4,49418578454476;0,000583227523279915;0,143682064498781;2,01860417846117;23,2631218972333;0,147971410382624;0,242638078514025;-0,373873395159917;1,11199165126171;-7,278855392746;-1,70951617634351;FALSE;TRUE;FALSE;TRUE;FALSE;FALSE;FALSE;FALSE;TRUE;"yellow";"purple";"cyan";-3;-0,973631624066427;3
"121";0,84;0,225160006420102;1;0,197304825102619;-4,23663226631884;0,000505428933872419;1,11543502482668;2,11285479013843;21,8657584813462;0,115936586193779;0,204063413806221;-1,87269462297258;2,26730427317782;-7,08556972972921;-1,38769480290847;FALSE;TRUE;FALSE;TRUE;FALSE;FALSE;FALSE;FALSE;TRUE;"yellow";"purple";"cyan";-3;-0,186816644582535;2,91464686900681
"122";0,88;0,225160006420102;1;0,0473624289653704;-3,88598871154251;0,0004646960826628;5,58824639517696;1,43198165276287;20,266286030608;0,0777494276288827;0,162250572371117;-4,58588895715266;4,6806138150834;-6,23138815536398;-1,54058926772104;FALSE;TRUE;FALSE;TRUE;FALSE;FALSE;FALSE;FALSE;TRUE;"yellow";"purple";"cyan";-3;-0,0200353158627637;3
"123";0,92;0,225160006420102;1;-0,0779324991582041;-3,45769753508352;0,000463782209513709;23,2319666495032;0,258338425084709;18,4934212533185;0,0377909931458054;0,122209006854195;-9,52487079724217;9,36900579892577;-4,45388849156018;-2,46150657860686;FALSE;TRUE;FALSE;TRUE;FALSE;FALSE;FALSE;FALSE;TRUE;"yellow";"purple";"cyan";-3;0,0161687190871415;3
"124";0,96;0,225160006420102;1;-0,176678951003004;-2,96632125015617;NA;NA;NA;16,5898737844948;NA;NA;NA;NA;NA;NA;FALSE;FALSE;FALSE;FALSE;FALSE;FALSE;FALSE;FALSE;FALSE;"grey";"grey";"grey";9999;9999;9999
"125";1;0,225160006420102;0,992553129903218;-0,247655972668122;-2,42435183595178;NA;NA;NA;14,609657031868;NA;NA;NA;NA;NA;NA;FALSE;FALSE;FALSE;FALSE;FALSE;FALSE;FALSE;FALSE;FALSE;"grey";"grey";"grey";9999;9999;9999
"126";0,04;0,288675134594813;0,00128662316434191;-0,0980765331113398;11,6117185229425;0,000195899225442155;227,333270863693;6,71025975870572;19,5735777719262;-0,066145817622834;-0,0112809360484822;-29,6495807012003;29,4534276349776;6,53459467776908;16,688842368116;FALSE;FALSE;TRUE;TRUE;FALSE;FALSE;FALSE;TRUE;FALSE;"olivedrab";"purple";"orange";-0,091925289599603;0,00650479486706977;-3
"127";0,08;0,288675134594813;0,00612369624031028;0,362812176657054;10,1693414967872;0,000168406892007659;76,9898392486086;1,06226494020473;21,5337041246938;-0,0993110858654696;-0,0484415216539098;-16,8346672050835;17,5602915583976;8,14928035304337;12,189402640531;FALSE;FALSE;TRUE;TRUE;FALSE;FALSE;FALSE;TRUE;FALSE;"olivedrab";"purple";"orange";-0,471882323715446;-0,0413490130510301;-3
"128";0,12;0,288675134594813;0,0289399501353897;0,761686056944298;8,75580319706916;0,000374154897357698;24,0185398937146;1,56642423132215;23,4238162382724;-0,128971797790031;-0,0531483019391897;-8,8438452628164;10,367217376705;6,30277360483806;11,2088327893003;FALSE;FALSE;TRUE;TRUE;FALSE;FALSE;FALSE;TRUE;FALSE;"olivedrab";"purple";"orange";-1,49613940489713;-0,155418496847329;-3
"129";0,16;0,288675134594813;0,0671754219553216;1,09930215983833;7,37750107113358;0,000685293296877576;6,67714889515594;2,80537489356304;25,2086747388359;-0,144132725351446;-0,0415164307379112;-3,96528000657824;6,16388432625491;4,09470772853165;10,6602944137355;FALSE;FALSE;TRUE;TRUE;FALSE;FALSE;FALSE;TRUE;FALSE;"olivedrab";"purple";"orange";-2,56609163631497;-0,425423573083167;-3
"130";0,2;0,288675134594813;0,118276061008147;1,37686108317108;6,04081095474096;0,00101859212970875;1,55387576167481;3,3565596944162;26,8574218534032;-0,144276954277763;-0,0191709237059434;-1,06632326332193;3,8200454296641;2,44997736832938;9,63164454115254;FALSE;FALSE;TRUE;TRUE;FALSE;FALSE;FALSE;TRUE;FALSE;"olivedrab";"purple";"orange";-3;-1,10454134932705;-3
"131";0,24;0,288675134594813;0,179719348251515;1,59601257796425;4,75202874326141;0,00132028948244639;0,26258353148739;3,1942214518186;28,344539700723;-0,131497487385947;0,0109361838889778;0,59167009494302;2,60035506098548;1,24910565370622;8,25495183281661;TRUE;FALSE;FALSE;FALSE;TRUE;FALSE;FALSE;TRUE;FALSE;"camel";"blue";"orange";-3;-3;-2,65886659574766
"132";0,28;0,288675134594813;0,249040717494606;1,75885601334126;3,51730284626471;0,00155852813049947;0,0215951150430423;2,63552652036017;29,6502396195053;-0,108335129086915;0,0464165640761269;1,4708338871669;2,04687813951562;0,335437575890924;6,6991681166385;TRUE;FALSE;FALSE;FALSE;TRUE;FALSE;FALSE;TRUE;FALSE;"camel";"blue";"orange";-3;-3;-2,16658667655944
"133";0,32;0,288675134594813;0,323860410985059;1,86793431960674;2,34256045822429;0,00171880062996994;0,00761519111749812;1,97104287311196;30,7602913419841;-0,0773966000417607;0,0851174220118778;1,69689794017364;2,03897069903985;-0,409108132082729;5,09422904853131;TRUE;FALSE;FALSE;FALSE;TRUE;FALSE;TRUE;FALSE;FALSE;"camel";"blue";"green";-3;-3;-1,66856362931954
"134";0,36;0,288675134594813;0,4019102608297;1,92622044292439;1,23343055156459;0,00180008626282828;0,0198736016903462;1,37638795627033;31,6653731677601;-0,0412459611404686;0,125066482799869;1,64991694581959;2,20252394002919;-1,06599060501196;3,53285170814113;TRUE;FALSE;FALSE;FALSE;TRUE;FALSE;TRUE;FALSE;FALSE;"camel";"blue";"green";-3;-3;-1,05134261793833
"135";0,4;0,288675134594813;0,481059788967665;1,93709575081078;0,195166404250316;0,001810868687896;0,02618249177091;0,924512554346195;32,3600836905003;-0,00234511193292269;0,164464689868253;1,61995388356346;2,25423761805809;-1,68936985348941;2,07970266199004;TRUE;FALSE;FALSE;FALSE;TRUE;FALSE;TRUE;FALSE;FALSE;"camel";"blue";"green";-3;-3;-0,202977852907744
"136";0,44;0,288675134594813;0,559340961825794;1,90432022931013;-0,767429626761319;0,00176508709696753;0,0267144365603101;0,623282532301169;32,8417941550501;0,036997113252028;0,20168481039956;1,58397290535615;2,22466755326411;-2,31478678704879;0,779927533526148;FALSE;TRUE;FALSE;FALSE;TRUE;FALSE;TRUE;FALSE;FALSE;"yellow";"blue";"green";-3;-3;0,972066739163028
"137";0,48;0,288675134594813;0,634970921039856;1,83199470527143;-1,65007652030539;0,00167844299647394;0,0231547745117531;0,450586019013123;33,1095335122578;0,0746735384309745;0,235268303648737;1,53375300330915;2,13023640723371;-2,96571615075873;-0,334436889852044;FALSE;TRUE;FALSE;FALSE;TRUE;FALSE;FALSE;FALSE;TRUE;"yellow";"blue";"cyan";-3;-3;2,45818875980448
"138";0,52;0,288675134594813;0,70637203749427;1,72451569901417;-2,449077845605;0,00156551460553585;0,0172046111451304;0,379236491542644;33,1630846890588;0,108822956968701;0,263921118019839;1,46743437872801;1,98159701930033;-3,65606639798053;-1,24208929322947;FALSE;TRUE;FALSE;FALSE;TRUE;FALSE;FALSE;FALSE;TRUE;"yellow";"blue";"cyan";-3;-3;3
"139";0,56;0,288675134594813;0,772188699566585;1,5865238481435;-3,16137581007336;0,00143796681530423;0,0126134140839791;0,391258031158022;33,0024330022928;0,13786582081101;0,28651157832216;1,36640135771608;1,80664633857092;-4,38734547322144;-1,93540614692529;FALSE;TRUE;FALSE;FALSE;TRUE;FALSE;FALSE;FALSE;TRUE;"yellow";"blue";"cyan";-3;-3;3
"140";0,6;0,288675134594813;0,831300343068724;1,42284712575302;-3,78459443525681;0,00130390921786482;0,0131797892420818;0,482796039312754;32,6276514554373;0,16052666458335;0,302074021554099;1,19783686456726;1,64785738693879;-5,14644652113624;-2,42274234937737;FALSE;TRUE;FALSE;FALSE;TRUE;FALSE;FALSE;FALSE;TRUE;"yellow";"blue";"cyan";-3;-3;3
"141";0,64;0,288675134594813;0,882830353302745;1,23844029143074;-4,31707063656265;0,00116823895012767;0,0170637001583626;0,660200087465426;32,0392404336593;0,175839743366379;0,309820963239111;0,982413922696933;1,49446666016456;-5,90959424687965;-2,72454702624565;FALSE;TRUE;FALSE;FALSE;TRUE;FALSE;FALSE;FALSE;TRUE;"yellow";"blue";"cyan";-3;-3;3
"142";0,68;0,288675134594813;0,926150610822629;1,03832215212666;-4,75787244885843;0,00103366519341071;0,0139972963708089;0,92646561172435;31,2388698215646;0,183136467371559;0,309164754273699;0,806438479545954;1,27020582470736;-6,64439822292787;-2,871346674789;FALSE;TRUE;FALSE;FALSE;TRUE;FALSE;FALSE;FALSE;TRUE;"yellow";"blue";"cyan";-3;-3;3
"143";0,72;0,288675134594813;0,960881603140145;0,827512269927001;-5,10680409043224;0,000902070777055082;0,00224180573193693;1,25669407547537;30,2304088183485;0,182015078328427;0,299748127951864;0,734712461720131;0,920312078133871;-7,30397011537184;-2,90963806549264;FALSE;TRUE;FALSE;FALSE;TRUE;FALSE;FALSE;FALSE;TRUE;"yellow";"blue";"cyan";-3;-3;3
"144";0,76;0,288675134594813;0,986888176160161;0,610968741195555;-5,36439794775961;0,000775917942004445;0,0664774337179952;1,56437465408117;29,0210810021818;0,172292784207654;0,281483568112667;0,105626951776649;1,11631053061446;-7,81582218966276;-2,91297370585646;FALSE;TRUE;FALSE;FALSE;TRUE;FALSE;FALSE;FALSE;TRUE;"yellow";"blue";"cyan";-3;-2,36963725046378;3
"145";0,8;0,288675134594813;1;0,39352860064076;-5,53189385256888;0,000659524411625167;0,621993993726099;1,67395088371661;27,6225561131246;0,149665758488872;0,250334241511128;-1,15222827339147;1,93928547467299;-8,06771982996991;-2,99606787516784;FALSE;TRUE;FALSE;TRUE;FALSE;FALSE;FALSE;FALSE;TRUE;"yellow";"purple";"cyan";-3;-0,498980077074045;3
"146";0,84;0,288675134594813;1;0,179852295725873;-5,61120618145063;0,000560186430405407;3,10156578890279;1,35571680802503;26,0517896411178;0,113611067006084;0,206388932993916;-3,27189179353447;3,63159638498622;-7,89329520043105;-3,32911716247021;FALSE;TRUE;FALSE;TRUE;FALSE;FALSE;FALSE;FALSE;TRUE;"yellow";"purple";"cyan";-3;-0,102123452099571;3
"147";0,88;0,288675134594813;1;-0,0256264434322072;-5,60487932554651;0,000489269979499059;11,8099069976805;0,584411736375757;24,3314474194667;0,0766466785765209;0,163353321423479;-6,76114954173844;6,70989665487403;-7,10320960276105;-4,10654904833196;FALSE;TRUE;FALSE;TRUE;FALSE;FALSE;FALSE;FALSE;TRUE;"yellow";"purple";"cyan";-3;0,00745701639589204;3
"148";0,92;0,288675134594813;1;-0,218744120998693;-5,51603196690617;0,000463498936548185;38,8236732604592;0,437260031775774;22,4898021885793;0,0378038855084337;0,122196114491566;-12,4310142661493;11,9935260241519;-6,81207070321078;-4,21999323060157;FALSE;TRUE;FALSE;TRUE;FALSE;FALSE;FALSE;FALSE;TRUE;"yellow";"purple";"cyan";-3;0,0351065439833522;3
"149";0,96;0,288675134594813;0,997071908617963;-0,395643236775623;-5,34829040049777;0,000506720155897124;116,724553077427;5,63341912070027;20,5600561290214;-0,00704775380702038;0,0811915710429467;-21,5709251477883;20,779638674237;-10,0002305948555;-0,696350206140049;TRUE;FALSE;FALSE;TRUE;FALSE;FALSE;FALSE;FALSE;TRUE;"camel";"purple";"cyan";-3;0,0366203622726641;2,25335153202334
"150";1;0,288675134594813;0,980086496952057;-0,552799184541439;-5,10571092651494;0,000652415201902794;331,170243943665;31,0218648043201;18,5791184522274;-0,0699757256524625;0,0301487195565757;-36,2203874790816;35,1147891099987;-16,0221762970887;5,81075444405881;TRUE;FALSE;FALSE;TRUE;FALSE;FALSE;TRUE;FALSE;FALSE;"camel";"purple";"green";-3;0,0303767802700073;0,916689531981354
"151";0,04;0,370107172487153;0;0,0865639323221028;10,1350571385432;0,000265094508015989;304,710368988413;6,32643266086309;24,4883382167624;-0,071911590937081;-0,008088409062919;-34,1264794094723;34,2996072741165;5,20527716895029;15,0648371081362;FALSE;FALSE;TRUE;TRUE;FALSE;FALSE;FALSE;TRUE;FALSE;"olivedrab";"purple";"orange";0;-0,00495899145879917;-3
"152";0,08;0,370107172487153;0,00530625572070407;0,494539171622041;8,87124266717397;0,000171273692986687;117,872237636885;0,988070561250161;26,395120351606;-0,10034410175588;-0,0490433868027116;-20,7845902040166;21,7736685472606;6,92300439299326;10,8194809413547;FALSE;FALSE;TRUE;TRUE;FALSE;FALSE;FALSE;TRUE;FALSE;"olivedrab";"purple";"orange";-0,405455172109534;-0,0455506871645393;-3
"153";0,12;0,370107172487153;0,0322237323249861;0,846532088758751;7,64194063333741;0,000354045444219488;41,8093650659647;0,9727755057904;28,2386695402925;-0,124655136890644;-0,0508973984593841;-11,8266267211146;13,5196908986321;5,70884026158386;9,57504100509096;FALSE;FALSE;TRUE;TRUE;FALSE;FALSE;FALSE;TRUE;FALSE;"olivedrab";"purple";"orange";-1,71256212968875;-0,130920193664108;-3
"154";0,16;0,370107172487153;0,0728383132123353;1,14416581547426;6,44931692705168;0,000663077573455071;13,1724919307139;2,07690737594431;29,9919851741382;-0,137631333045128;-0,0366920405302018;-5,96931331345859;8,25764494440711;3,62471887439251;9,27391497971084;FALSE;FALSE;TRUE;TRUE;FALSE;FALSE;FALSE;TRUE;FALSE;"olivedrab";"purple";"orange";-2,82864020608655;-0,315249929046726;-3
"155";0,2;0,370107172487153;0,124830265105216;1,38923037587248;5,29546712361695;0,000997994214866806;3,48179144560419;2,80333833554495;31,6292068263283;-0,13708704814158;-0,0132524216479885;-2,26797599792345;5,04643674966841;2,01386556698806;8,57706868024583;FALSE;FALSE;TRUE;TRUE;FALSE;FALSE;FALSE;TRUE;FALSE;"olivedrab";"purple";"orange";-3;-0,74451404286299;-3
"156";0,24;0,370107172487153;0,185958411498377;1,58367744738025;4,18240802502675;0,0012966602099051;0,682194597264188;2,88110437326498;33,1261878593176;-0,124618261707315;0,0165350847040687;-0,035156223226583;3,20251111798708;0,855601176407612;7,50921487364588;TRUE;FALSE;FALSE;TRUE;FALSE;FALSE;FALSE;TRUE;FALSE;"camel";"purple";"orange";-3;-1,91739943167236;-2,46403517568392
"157";0,28;0,370107172487153;0,254070436023367;1,72961420937415;3,11206894878737;0,00152584369675517;0,0679158265405976;2,49304872866744;34,4609723028747;-0,102489773798059;0,0506306458447923;1,21883455930075;2,24039385944756;0,0174051497358811;6,20673274783887;TRUE;FALSE;FALSE;FALSE;TRUE;FALSE;FALSE;TRUE;FALSE;"camel";"blue";"orange";-3;-3;-1,97098730366063
"158";0,32;0,370107172487153;0,327112796100215;1,82929623418638;2,08628294677203;0,0016734869407284;0,00471413541339146;1,90749308752016;35,6141677801168;-0,0730659490245223;0,0872915412249517;1,69472596605215;1,96386650232061;-0,620662960790106;4,79322885433416;TRUE;FALSE;FALSE;FALSE;TRUE;FALSE;TRUE;FALSE;FALSE;"camel";"blue";"green";-3;-3;-1,51057301359813
"159";0,36;0,370107172487153;0,403140164586368;1,88511940210752;1,10677813079643;0,00174216283137098;0,0228561665550982;1,33084662529184;36,5692172745807;-0,0386672114603893;0,124947540633125;1,58880702872372;2,18143177549131;-1,15428190991862;3,36783817151149;TRUE;FALSE;FALSE;FALSE;TRUE;FALSE;TRUE;FALSE;FALSE;"camel";"blue";"green";-3;-3;-0,959393044048293
"160";0,4;0,370107172487153;0,480324314889261;1,89961084796229;0,175169273363961;0,001743525063401;0,0306546987430399;0,87326273090481;37,3125810556842;-0,00151503832117872;0,1621636680997;1,55645088106322;2,24277081486136;-1,65638821151543;2,00672675824335;TRUE;FALSE;FALSE;FALSE;TRUE;FALSE;TRUE;FALSE;FALSE;"camel";"blue";"green";-3;-3;-0,187450008981849
"161";0,44;0,370107172487153;0,556962365572942;1,87541897143954;-0,707050158377109;0,00169369689218258;0,0275000396037515;0,565500823064581;37,8338461080836;0,0363009319999075;0,197623799145976;1,55039548043425;2,20044246244484;-2,18093893466629;0,766838617912072;FALSE;TRUE;FALSE;FALSE;TRUE;FALSE;TRUE;FALSE;FALSE;"yellow";"blue";"green";-3;-3;0,940228915489467
"162";0,48;0,370107172487153;0,631484303686167;1,8153025662414;-1,53851538981984;0,00160960863442351;0,0209485844796695;0,39275473619951;38,1257832776215;0,0728506894580802;0,230117917914254;1,53162471262839;2,09898041985441;-2,76682770586287;-0,310203073776804;FALSE;TRUE;FALSE;FALSE;TRUE;FALSE;FALSE;FALSE;TRUE;"yellow";"blue";"cyan";-3;-3;2,45494139749539
"163";0,52;0,370107172487153;0,702459711652439;1,72211914394926;-2,31799701575819;0,00150630822111169;0,014744251345223;0,327284459815106;38,1843718171102;0,106391183319931;0,258528239984947;1,48412873577145;1,96010955212706;-3,4392685150093;-1,19672551650707;FALSE;TRUE;FALSE;FALSE;TRUE;FALSE;FALSE;FALSE;TRUE;"yellow";"blue";"cyan";-3;-3;3
"164";0,56;0,370107172487153;0,768603630339194;1,59881254700012;-3,04440685115386;0,00139525029542972;0,0122400835664862;0,350709240277444;38,0088073144296;0,13539299890868;0,281814261769708;1,38197210570166;1,81565298829858;-4,20511142362815;-1,88370227867957;FALSE;TRUE;FALSE;FALSE;TRUE;FALSE;FALSE;FALSE;TRUE;"yellow";"blue";"cyan";-3;-3;3
"165";0,6;0,370107172487153;0,828781500582602;1,4483999610886;-3,71680285701229;0,00128353308663316;0,015695203775858;0,461742376336784;37,6015027691587;0,158562988085542;0,299000013079662;1,20285469237555;1,69394522980164;-5,04863029495882;-2,38497541906577;FALSE;TRUE;FALSE;FALSE;TRUE;FALSE;FALSE;FALSE;TRUE;"yellow";"blue";"cyan";-3;-3;3
"166";0,64;0,370107172487153;0,882013136681538;1,27395845046785;-4,33439306051453;0,0011740111219222;0,019797928407354;0,668059988266669;36,9680848496958;0,174857233144313;0,309169040218762;0,998181499451452;1,54973540148425;-5,93636838325824;-2,73241773777083;FALSE;TRUE;FALSE;FALSE;TRUE;FALSE;FALSE;FALSE;TRUE;"yellow";"blue";"cyan";-3;-3;3
"167";0,68;0,370107172487153;0,927475697867744;1,07861114987564;-4,89653840716883;0,00106617523024508;0,0112694353000398;0,963629314671806;36,1173793142578;0,183478289774677;0,311473105960811;0,87054608400061;1,28667621575066;-6,82052965733746;-2,9725471570002;FALSE;TRUE;FALSE;FALSE;TRUE;FALSE;FALSE;FALSE;TRUE;"yellow";"blue";"cyan";-3;-3;3
"168";0,72;0,370107172487153;0,964505637173692;0,86551325407069;-5,40275450170778;0,000957665690147189;0,00679148634080342;1,29702359707882;35,0613724627075;0,183852250518931;0,305159023828454;0,703991691703609;1,02703481643777;-7,63489758351209;-3,17061141990347;FALSE;TRUE;FALSE;FALSE;TRUE;FALSE;FALSE;FALSE;TRUE;"yellow";"blue";"cyan";-3;-3;3
"169";0,76;0,370107172487153;0,992599621113558;0,637837950195639;-5,8527122134103;0,000846273396325547;0,204330071152637;1,544522011471;33,8151304216087;0,175582742884094;0,289616499343022;-0,248122293925031;1,52379819431631;-8,28853193266736;-3,41689249415325;FALSE;TRUE;FALSE;TRUE;FALSE;FALSE;FALSE;FALSE;TRUE;"yellow";"purple";"cyan";-3;-1,41105587824326;3
"170";0,8;0,370107172487153;1;0,39876243941346;-6,24623714008687;0,000732288677601733;1,41699769465262;1,51802413587445;32,3966558932899;0,146961742111306;0,253038257888694;-1,93433384943244;2,73185872825936;-8,6610719598585;-3,83140232031524;FALSE;TRUE;FALSE;TRUE;FALSE;FALSE;FALSE;FALSE;TRUE;"yellow";"purple";"cyan";-3;-0,334988325760153;3
"171";0,84;0,370107172487153;1;0,151454192592156;-6,5833079427208;0,000621076914895126;6,16055842200257;1,06837730278988;30,8266631692356;0,111154924577258;0,208845075422742;-4,7132689743109;5,01617735949521;-8,60917255163018;-4,55744333381141;FALSE;TRUE;FALSE;TRUE;FALSE;FALSE;FALSE;FALSE;TRUE;"yellow";"purple";"cyan";-3;-0,0610198674423634;3
"172";0,88;0,370107172487153;1;-0,100942419587073;-6,86405357925804;0,000525791799411824;21,1858422451117;0,400212271171369;29,128256713534;0,075057730968506;0,164942269031494;-9,12228048920394;8,9203956500298;-8,103972511786;-5,62413464673008;FALSE;TRUE;FALSE;TRUE;FALSE;FALSE;FALSE;FALSE;TRUE;"yellow";"purple";"cyan";-3;0,021930616653123;3
"173";0,92;0,370107172487153;1;-0,355318988588688;-7,08874948082812;0,000470177269511996;63,0962033983065;0,812349438183861;27,3265060053847;0,0375009809612418;0,122499019038758;-15,9239241636432;15,2132861864659;-8,85527344466141;-5,32222551699482;FALSE;TRUE;FALSE;TRUE;FALSE;FALSE;FALSE;FALSE;TRUE;"yellow";"purple";"cyan";-3;0,044731844171428;3
"174";0,96;0,370107172487153;0,99253305909331;-0,608615297519893;-7,25781272630581;0,000491453630249813;170,362079306525;6,24712660574561;25,4479187416904;-0,0109168992827952;0,0759830174694156;-26,190618977135;24,9733883820952;-12,1565962083179;-2,35902924429373;TRUE;FALSE;FALSE;TRUE;FALSE;FALSE;FALSE;FALSE;TRUE;"camel";"purple";"cyan";-3;0,0466290318193351;2,90379266655263
"175";1;0,370107172487153;0,965277893637469;-0,857830804288831;-7,37179628112202;0,000643327768949882;428,266972154392;26,3196916521725;23,5198248148789;-0,0844344502283155;0,0149902375032533;-41,4185252977816;39,7028636892039;-17,426944795947;2,68335223370298;TRUE;FALSE;FALSE;TRUE;FALSE;FALSE;TRUE;FALSE;FALSE;"camel";"purple";"green";-3;0,0414518908571665;1,43692111469692
"176";0,04;0,474510280626355;0;0,248671779116863;8,9787740688599;0,000312364163030842;450,786272865899;7,05966122251899;30,0179285038512;-0,0746400645112501;-0,00535993548874993;-41,3647503842734;41,8620939425071;3,77114525390412;14,1864028838157;FALSE;FALSE;TRUE;TRUE;FALSE;FALSE;FALSE;TRUE;FALSE;"olivedrab";"purple";"orange";0;-0,011712272283853;-3
"177";0,08;0,474510280626355;0,00393938639163441;0,608261082198385;7,88684857744383;0,000177684660360837;184,55790668261;1,14119014269019;31,7366843642841;-0,102186621834751;-0,0499346053819798;-26,0182595045165;27,2347816689133;5,79308762171693;9,98060953317074;FALSE;FALSE;TRUE;TRUE;FALSE;FALSE;FALSE;TRUE;FALSE;"olivedrab";"purple";"orange";-0,295531387033432;-0,0447737739680871;-3
"178";0,12;0,474510280626355;0,0344746646947883;0,919678964374956;6,82138228750359;0,000342560324771083;69,0062140969684;0,699088478800379;33,3824421764153;-0,121801103818252;-0,0492495667921709;-15,3617377376663;17,2010956664162;5,1826267830633;8,46013779194388;FALSE;FALSE;TRUE;TRUE;FALSE;FALSE;FALSE;TRUE;FALSE;"olivedrab";"purple";"orange";-1,86265112913016;-0,110711351505918;-3
"179";0,16;0,474510280626355;0,0770968039000099;1,1843401749049;5,78305003411962;0,000645573983324029;22,8510743950693;1,71847437434165;34,9357363588284;-0,132702251037315;-0,0331041411626649;-8,18483595201665;10,5535163018264;3,21372161146681;8,35237845677242;FALSE;FALSE;TRUE;TRUE;FALSE;FALSE;FALSE;TRUE;FALSE;"olivedrab";"purple";"orange";-3;-0,247755411661812;-3
"180";0,2;0,474510280626355;0,12980735540061;1,40371366436213;4,77250294265515;0,000978628338754089;6,35054737981637;2,54996135968393;36,3776964700047;-0,131506268404285;-0,00887902079449576;-3,53545288966614;6,34288021839041;1,64271516109758;7,90229072421271;FALSE;FALSE;TRUE;TRUE;FALSE;FALSE;FALSE;TRUE;FALSE;"olivedrab";"purple";"orange";-3;-0,557022768246737;-2,98867991588249
"181";0,24;0,474510280626355;0,190679110672096;1,57932049368966;3,79036739410017;0,00127528751983479;1,3226882332572;2,76420727192988;37,6904044276282;-0,119313492451309;0,020671713795501;-0,674798487347992;3,8334394747273;0,531749833387979;7,04898495481236;TRUE;FALSE;FALSE;TRUE;FALSE;FALSE;FALSE;TRUE;FALSE;"camel";"purple";"orange";-3;-1,37322444543403;-2,27979609211571
"182";0,28;0,474510280626355;0,257859540318185;1,71273162379968;2,83724401240369;0,0015007109499112;0,147943050838791;2,4656510134402;38,8572368359406;-0,0980675254479081;0,0537866060842781;0,958863506948285;2,46659974065108;-0,240368184467982;5,91485620927536;TRUE;FALSE;FALSE;FALSE;TRUE;FALSE;TRUE;FALSE;FALSE;"camel";"blue";"green";-3;-3;-1,80688654838179
"183";0,32;0,474510280626355;0,32957407367684;1,80556558800358;1,91370668214872;0,00164300375271177;0,00345549956313016;1,91225647790562;39,8631844039502;-0,0698710725454952;0,0890192198991744;1,69035205027172;1,92077912573544;-0,796617009678514;4,62403037397596;TRUE;FALSE;FALSE;FALSE;TRUE;FALSE;TRUE;FALSE;FALSE;"camel";"blue";"green";-3;-3;-1,38389233186256
"184";0,36;0,474510280626355;0,404129208494388;1,85948605081648;1,02030160449118;0,00170586118837747;0,0266161347978926;1,33218093126265;40,6951412605659;-0,0368213659876528;0,125079782976428;1,53972866498755;2,1792434366454;-1,24189162093397;3,28249482991632;TRUE;FALSE;FALSE;FALSE;TRUE;FALSE;TRUE;FALSE;FALSE;"camel";"blue";"green";-3;-3;-0,883989208214215
"185";0,4;0,474510280626355;0,479915440503266;1,87619925786902;0,157546398808349;0,00170242155081147;0,0366827281697589;0,860494021272722;41,3421579177406;-0,000953479873504803;0,160784360880037;1,50081253767924;2,25158597805881;-1,66057140490313;1,97566420251983;TRUE;FALSE;FALSE;FALSE;TRUE;FALSE;TRUE;FALSE;FALSE;"camel";"blue";"green";-3;-3;-0,169837876802041
"186";0,44;0,474510280626355;0,555410003198501;1,8574513827692;-0,674070742967856;0,00165026550722488;0,0296600605893617;0,542433398631988;41,7956526450465;0,0357894845540186;0,195030521842982;1,51990449510272;2,19499827043568;-2,11758574594287;0,769444260007153;FALSE;TRUE;FALSE;FALSE;TRUE;FALSE;TRUE;FALSE;FALSE;"yellow";"blue";"green";-3;-3;0,915234255637332
"187";0,48;0,474510280626355;0,629179408689526;1,80502577778816;-1,47409184285339;0,00156751276578943;0,0200109602195059;0,366535883819836;42,0495770544268;0,071580853672745;0,226777963706308;1,52776907426996;2,08228248130636;-2,66069729708012;-0,287486388626658;FALSE;TRUE;FALSE;FALSE;TRUE;FALSE;FALSE;FALSE;TRUE;"yellow";"blue";"cyan";-3;-3;2,43481682273211
"188";0,52;0,474510280626355;0,699881781198046;1,72074013619447;-2,2420898581692;0,00146997173365635;0,0134294907078708;0,303156674579136;42,100532721226;0,104736349650777;0,255027212745314;1,49360837809539;1,94787189429356;-3,32123946856357;-1,16294024777483;FALSE;TRUE;FALSE;FALSE;TRUE;FALSE;FALSE;FALSE;TRUE;"yellow";"blue";"cyan";-3;-3;3
"189";0,56;0,474510280626355;0,766268975569503;1,60644357492992;-2,97766933228259;0,00136929674472576;0,0124037865122326;0,332844818976489;41,9478366705818;0,133742448986642;0,278795502152365;1,38815790176875;1,82472924809108;-4,10842556851548;-1,8469130960497;FALSE;TRUE;FALSE;FALSE;TRUE;FALSE;FALSE;FALSE;TRUE;"yellow";"blue";"cyan";-3;-3;3
"190";0,6;0,474510280626355;0,82718847405557;1,4640136471048;-3,68046696978111;0,00127210250360127;0,0178362456858934;0,456002136584635;41,593534534182;0,157283328441773;0,297093619669367;1,20225573735202;1,72577155685758;-5,00399008247632;-2,3569438570859;FALSE;TRUE;FALSE;FALSE;TRUE;FALSE;FALSE;FALSE;TRUE;"yellow";"blue";"cyan";-3;-3;3
"191";0,64;0,474510280626355;0,881585055597908;1,29535329449218;-4,35015213165388;0,0011799783496409;0,0218183061709697;0,681306915965444;41,0423611394191;0,174258699395777;0,308911411800038;1,00584660252622;1,58485998645815;-5,96793223473815;-2,7323720285696;FALSE;TRUE;FALSE;FALSE;TRUE;FALSE;FALSE;FALSE;TRUE;"yellow";"blue";"cyan";-3;-3;3
"192";0,68;0,474510280626355;0,928502232889572;1,10238775081552;-4,98642724658917;0,00109033726176182;0,00928717947925221;0,996602107567302;40,3016492458921;0,183783721691256;0,313220744087887;0,913505995397098;1,29126950623393;-6,94305852427967;-3,02979596889867;FALSE;TRUE;FALSE;FALSE;TRUE;FALSE;FALSE;FALSE;TRUE;"yellow";"blue";"cyan";-3;-3;3
"193";0,72;0,474510280626355;0,967083453599512;0,887061407153218;-5,5890281350404;0,00099802740010723;0,0192398138077499;1,33348627981622;39,3811881091295;0,185165110925985;0,309001796273039;0,615199397191742;1,15892341711469;-7,85232940351408;-3,32572686656671;FALSE;TRUE;FALSE;FALSE;TRUE;FALSE;FALSE;FALSE;TRUE;"yellow";"blue";"cyan";-3;-3;3
"194";0,76;0,474510280626355;0,996573063307458;0,651334651223921;-6,15772424326202;0,000897628352066592;0,382892611573451;1,54706981456607;38,2930345404287;0,177851667285639;0,295294459329277;-0,56145807637113;1,86412737881897;-8,59555216692572;-3,71989631959832;FALSE;TRUE;FALSE;TRUE;FALSE;FALSE;FALSE;FALSE;TRUE;"yellow";"purple";"cyan";-3;-1,05260563428122;3
"195";0,8;0,474510280626355;1;0,397180692666889;-6,69231878507498;0,000786350804308806;2,38987874493667;1,44699026316147;37,0512801480265;0,145038793377765;0,254961206622235;-2,63277323192114;3,42713461725491;-9,04997726540671;-4,33466030474325;FALSE;TRUE;FALSE;TRUE;FALSE;FALSE;FALSE;FALSE;TRUE;"yellow";"purple";"cyan";-3;-0,25692135007882;3
"196";0,84;0,474510280626355;1;0,126582386691424;-7,19264878968661;0,00066745755192165;9,88493327703137;0,937080337623458;35,6717794791183;0,109363938736624;0,210636061263376;-6,0356058714702;6,28877064485305;-9,08995096083981;-5,29534661853341;FALSE;TRUE;FALSE;TRUE;FALSE;FALSE;FALSE;FALSE;TRUE;"yellow";"purple";"cyan";-3;-0,0402611716160598;3
"197";0,88;0,474510280626355;1;-0,158470931364785;-7,65858505446074;0,00055412581819749;32,7452778848005;0,352086008193065;34,1718448108319;0,0738626885038899;0,16613731149611;-11,3740688452812;11,0571269825517;-8,82156566557008;-6,49560444335141;FALSE;TRUE;FALSE;TRUE;FALSE;FALSE;FALSE;FALSE;TRUE;"yellow";"purple";"cyan";-3;0,0276933356968962;3
"198";0,92;0,474510280626355;1;-0,455986587956741;-8,09003200211239;0,000473675839782496;93,955111916844;1,12466226321894;32,5699143232093;0,037343157256049;0,122656842743951;-19,4540047325492;18,5420315566357;-10,1685756680824;-6,01148833614234;FALSE;TRUE;FALSE;TRUE;FALSE;FALSE;FALSE;FALSE;TRUE;"yellow";"purple";"cyan";-3;0,0470426590303527;3
"199";0,96;0,474510280626355;0,988332977772865;-0,763971677144202;-8,48692744237417;0,000472098450591068;243,265492851441;6,98014759343723;30,8852012786508;-0,0142527799080672;0,0709187354537975;-31,3334723810267;29,8055290267383;-13,6651462039327;-3,30870868081568;TRUE;FALSE;FALSE;TRUE;FALSE;FALSE;FALSE;FALSE;TRUE;"camel";"purple";"cyan";-3;0,0489820552489798;3
"200";1;0,474510280626355;0,953115576279705;-1,08043611782694;-8,84924223876876;0,000618824712797548;582,489634016243;25,9479941932972;29,137332572388;-0,0956408556184519;0,00187200817786248;-48,3838180535257;46,2229458178718;-18,8331368282144;1,13465235067685;TRUE;FALSE;FALSE;TRUE;FALSE;FALSE;TRUE;FALSE;FALSE;"camel";"purple";"green";-3;0,0447666909189629;1,73721746790001
"201";0,04;0,608364341893206;0;0,366675052524373;8,19470880165026;0,000342614417874025;636,077977463711;8,2208545667741;35,3981245601683;-0,0762786325216257;-0,00372136747837434;-49,064765925635;49,7981160306837;2,57509366454541;13,8143239387551;FALSE;FALSE;TRUE;TRUE;FALSE;FALSE;FALSE;TRUE;FALSE;"olivedrab";"purple";"orange";0;-0,0145387203519849;-2,85808435687688
"202";0,08;0,608364341893206;0,0026212936826169;0,690732309402315;7,22719422413031;0,000183696391587907;265,677773043606;1,38495862236249;36,800090480448;-0,103943007998305;-0,0508144046364609;-31,2559455260273;32,6374101448319;4,92062501507311;9,53376343318751;FALSE;FALSE;TRUE;TRUE;FALSE;FALSE;FALSE;TRUE;FALSE;"olivedrab";"purple";"orange";-0,193403962676768;-0,0423771904033573;-3
"203";0,12;0,608364341893206;0,0358543104792367;0,97290319382971;6,27747960026513;0,000336020502729368;101,148044702589;0,561044844035331;38,1245647699795;-0,120073518903344;-0,0482178601381829;-18,7389218997207;20,6847282873801;4,80940921199197;7,74554998853828;FALSE;FALSE;TRUE;TRUE;FALSE;FALSE;FALSE;TRUE;FALSE;"olivedrab";"purple";"orange";-1,95595332190853;-0,09673661425568;-3
"204";0,16;0,608364341893206;0,0799585829822682;1,21419223248749;5,34577691378501;0,000633423505949328;34,0649676345184;1,52815814657147;39,3597068772641;-0,129369606870635;-0,0307132271648288;-10,2251770856297;12,6535615506047;2,9228950364409;7,76865879112913;FALSE;FALSE;TRUE;TRUE;FALSE;FALSE;FALSE;TRUE;FALSE;"olivedrab";"purple";"orange";-3;-0,208033588199201;-3
"205";0,2;0,608364341893206;0,133204197787882;1,41562120077322;4,43229192603571;0,000964195766325244;9,6355335614721;2,43749045330136;40,4942209122923;-0,127655627478266;-0,00593597694597015;-4,6683335485499;7,49957595009633;1,37230512832037;7,49227872375106;FALSE;FALSE;TRUE;TRUE;FALSE;FALSE;FALSE;TRUE;FALSE;"olivedrab";"purple";"orange";-3;-0,456046549257379;-2,83894445246746
"206";0,24;0,608364341893206;0,193912972428318;1,5782285397696;3,53722406171052;0,00125951515435737;2,05665707732258;2,73767707627703;41,5175230541368;-0,115645460557943;0,0234714054145777;-1,23256555991536;4,38902263945457;0,294281917163921;6,78016620625712;TRUE;FALSE;FALSE;TRUE;FALSE;FALSE;FALSE;TRUE;FALSE;"camel";"purple";"orange";-3;-1,10049722164578;-2,13782160062877
"207";0,28;0,608364341893206;0,260459570390318;1,70306875963674;2,66076629829961;0,001483267695882;0,243905505368593;2,48616852867009;42,4199014391871;-0,0950249430796416;0,0559440838602782;0,735105457122618;2,67103206215085;-0,429624295814968;5,75115689241419;TRUE;FALSE;FALSE;FALSE;TRUE;FALSE;TRUE;FALSE;FALSE;"camel";"blue";"green";-3;-3;-1,68749093589554
"208";0,32;0,608364341893206;0,331272571007033;1,79121182989696;1,80310505961396;0,00162318748001182;0,00360836182072902;1,94095745610348;43,1926652731765;-0,067692027787184;0,0902371698012502;1,67347749614297;1,90894616365095;-0,927482448659807;4,53369256788773;TRUE;FALSE;FALSE;FALSE;TRUE;FALSE;TRUE;FALSE;FALSE;"camel";"blue";"green";-3;-3;-1,29423465334003
"209";0,36;0,608364341893206;0,404835493022958;1,84374255713838;0,964420113701574;0,00168325735300119;0,029830826738341;1,3484738417047;43,8282800882074;-0,0355769674927145;0,125247953538631;1,50522536037787;2,1822597538989;-1,31156466957177;3,24040489697492;TRUE;FALSE;FALSE;FALSE;TRUE;FALSE;TRUE;FALSE;FALSE;"camel";"blue";"green";-3;-3;-0,830510248887763
"210";0,4;0,608364341893206;0,479687770683177;1,86175995071049;0,144884475471823;0,0016773185743424;0,0422474594673863;0,861185151283752;44,3204863211154;-0,000582711017892146;0,159958252384247;1,45890529227533;2,26461460914565;-1,67396331795394;1,96373226889759;TRUE;FALSE;FALSE;FALSE;TRUE;FALSE;TRUE;FALSE;FALSE;"camel";"blue";"green";-3;-3;-0,156125408002888
"211";0,44;0,608364341893206;0,554425681256148;1,84637657703387;-0,655335685673748;0,00162384223829051;0,031891320836717;0,533102725612019;44,6643987156952;0,0354451577728435;0,193406204739452;1,4963634405207;2,19638971354705;-2,08638151570099;0,775710144353499;FALSE;TRUE;FALSE;FALSE;TRUE;FALSE;TRUE;FALSE;FALSE;"yellow";"blue";"green";-3;-3;0,897549410894794
"212";0,48;0,608364341893206;0,627703222962234;1,79871790319143;-1,43608113292031;0,00154181820258796;0,019621274803808;0,35366449574424;44,8565844405802;0,0707432909570783;0,224663154967391;1,52417406485527;2,07326174152759;-2,60166579168305;-0,270496474157574;FALSE;TRUE;FALSE;FALSE;TRUE;FALSE;FALSE;FALSE;TRUE;"yellow";"blue";"cyan";-3;-3;2,41481155250365
"213";0,52;0,608364341893206;0,698232942348431;1,71992163051108;-2,19719964355714;0,00144771882723123;0,0126982918976241;0,290933727188312;44,8951182572078;0,103658467769307;0,252807416927554;1,49905976096842;1,94078350005373;-3,25437036418127;-1,140028922933;FALSE;TRUE;FALSE;FALSE;TRUE;FALSE;FALSE;FALSE;TRUE;"yellow";"blue";"cyan";-3;-3;3
"214";0,56;0,608364341893206;0,764786710222778;1,61113701889068;-2,93854608467749;0,00135349529751655;0,012671444145952;0,324274856524148;44,7796135571981;0,1326798697053;0,276893550740256;1,39050875486859;1,83176528291277;-4,05465025003304;-1,82244191932194;FALSE;TRUE;FALSE;FALSE;TRUE;FALSE;FALSE;FALSE;TRUE;"yellow";"blue";"cyan";-3;-3;3
"215";0,6;0,608364341893206;0,826196445339507;1,47352420265446;-3,65998248281821;0,0012655639517608;0,0194298455531136;0,455165162074041;44,5112286033431;0,15647118588754;0,295921704791474;1,2003229003429;1,74672550496602;-4,98229039957663;-2,33767456605979;FALSE;TRUE;FALSE;FALSE;TRUE;FALSE;FALSE;FALSE;TRUE;"yellow";"blue";"cyan";-3;-3;3
"216";0,64;0,608364341893206;0,881354785107819;1,30825349876571;-4,3613780873102;0,00118473909583758;0,0232438415450209;0,693092705237651;44,0926478401949;0,173892748006006;0,308816822209633;1,00943873987663;1,60706825765479;-5,99309101736069;-2,72966515725972;FALSE;TRUE;FALSE;FALSE;TRUE;FALSE;FALSE;FALSE;TRUE;"yellow";"blue";"cyan";-3;-3;3
"217";0,68;0,608364341893206;0,929215702682931;1,11650470825473;-5,04260942712519;0,00110706748113353;0,00797734457963123;1,02210726930134;43,5280386754363;0,184002558758534;0,314428846607327;0,941448600960127;1,29156081554934;-7,02411970601683;-3,06109914823355;FALSE;TRUE;FALSE;FALSE;TRUE;FALSE;FALSE;FALSE;TRUE;"yellow";"blue";"cyan";-3;-3;3
"218";0,72;0,608364341893206;0,968795069887654;0,89946641175222;-5,70356036101812;0,00102551814328239;0,0338289392486464;1,36309617751104;42,8229846582178;0,186029747317831;0,311560392457478;0,538977192674259;1,25995563083018;-7,99185182727722;-3,41526889475902;FALSE;TRUE;FALSE;FALSE;TRUE;FALSE;FALSE;FALSE;TRUE;"yellow";"blue";"cyan";-3;-3;3
"219";0,76;0,608364341893206;0,999171165505534;0,658335260047085;-6,34412212077893;0,000932479816333881;0,559605358423171;1,55787137705901;41,9843964821161;0,17932066161814;0,299021669392929;-0,807850587730196;2,12452110782437;-8,79044563636518;-3,89779860519269;FALSE;TRUE;FALSE;TRUE;FALSE;FALSE;FALSE;FALSE;TRUE;"yellow";"purple";"cyan";-3;-0,88004764293776;3
"220";0,8;0,608364341893206;1;0,3943152606149;-6,96419334742058;0,000823016798254938;3,34172516195547;1,41437971509166;41,0204027056116;0,143772025296692;0,256227974703308;-3,1885745785693;3,9772050997991;-9,29513337932824;-4,63325331551291;FALSE;TRUE;FALSE;TRUE;FALSE;FALSE;FALSE;FALSE;TRUE;"yellow";"purple";"cyan";-3;-0,215704011021366;3
"221";0,84;0,608364341893206;1;0,10861706108699;-7,56368012014775;0,000698833073938243;13,5590933791094;0,86859606857125;39,9402225002421;0,108187467963119;0,211812532036881;-7,1084944706683;7,32572859284228;-9,39033718408539;-5,73702305621011;FALSE;TRUE;FALSE;TRUE;FALSE;FALSE;FALSE;FALSE;TRUE;"yellow";"purple";"cyan";-3;-0,0294973310167635;3
"222";0,88;0,608364341893206;1;-0,197542769347724;-8,14249597796147;0,00057289380473639;44,3234138724521;0,33888207627742;38,7540230954267;0,0730878698040088;0,166912130195991;-13,2461660370955;12,8510804984;-9,28346115757521;-7,00153079834772;FALSE;TRUE;FALSE;TRUE;FALSE;FALSE;FALSE;FALSE;TRUE;"yellow";"purple";"cyan";-3;0,0296718439473094;3
"223";0,92;0,608364341893206;1;-0,522942459596453;-8,70056193377115;0,000474653051760125;125,527061256502;1,37392464544429;37,4727648804949;0,0372991785506026;0,122700821449397;-22,4821554851036;21,4362705659107;-10,997924540808;-6,40319932673433;FALSE;TRUE;FALSE;TRUE;FALSE;FALSE;FALSE;FALSE;TRUE;"yellow";"purple";"cyan";-3;0,0466750964893547;3
"224";0,96;0,608364341893206;0,985163284155811;-0,866355756344037;-9,23780648090611;0,000455836876849773;320,165522610707;7,7271654087763;36,1080373416707;-0,0166826068177626;0,0670091751293849;-35,9363239758199;34,2036124631318;-14,6860711329312;-3,789541828881;TRUE;FALSE;FALSE;TRUE;FALSE;FALSE;FALSE;FALSE;TRUE;"camel";"purple";"cyan";-3;0,0484182383515901;3
"225";1;0,608364341893206;0,944508538493067;-1,22655264272032;-9,75416559192948;0,000596731804652824;752,993685567441;27,0305288569058;34,6718891496831;-0,103369647088389;-0,00761327592547767;-55,0093959605482;52,5562906751076;-19,9441932418129;0,435862057953898;FALSE;FALSE;TRUE;TRUE;FALSE;FALSE;TRUE;FALSE;FALSE;"olivedrab";"purple";"green";-3;0,0446982505307109;1,87612967464719
"226";0,04;0,779977141904303;0;0,445676395142166;7,69192400512029;0,000361606133544153;819,508874856995;9,39580069543472;39,9359843667733;-0,0772705657499357;-0,00272943425006426;-55,6623408212639;56,5536936115482;1,684130611622;13,6997173986186;FALSE;FALSE;TRUE;TRUE;FALSE;FALSE;FALSE;TRUE;FALSE;"olivedrab";"purple";"orange";0;-0,0155683577245155;-2,50938956026187
"227";0,08;0,779977141904303;0,0015964838985374;0,745918294296828;6,80631791387654;0,000188259984377258;344,240335864356;1,63515520963477;40,97911195319;-0,105295763638062;-0,0515112685648628;-35,6186946507743;37,110531239368;4,3000494918484;9,31258633590468;FALSE;FALSE;TRUE;TRUE;FALSE;FALSE;FALSE;TRUE;FALSE;"olivedrab";"purple";"orange";-0,116355129439175;-0,0402031775902481;-3
"228";0,12;0,779977141904303;0,0366736174153579;1,00863210031957;5,93208444619675;0,000332283438541342;131,705812061042;0,489396942279546;41,9530197836794;-0,119053867046261;-0,0475988981230233;-21,4845324942539;23,501796694893;4,56095418223913;7,30321471015437;FALSE;FALSE;TRUE;TRUE;FALSE;FALSE;FALSE;TRUE;FALSE;"olivedrab";"purple";"orange";-2,01186762516461;-0,0878881485068704;-3
"229";0,16;0,779977141904303;0,0817898141365375;1,23447708419704;5,06929256809454;0,000625506629357309;44,5625134595809;1,42128433115398;42,8515976437742;-0,127229140959907;-0,0291912307670175;-11,8492937943229;14,318247962717;2,73266995615529;7,40591518003379;FALSE;FALSE;TRUE;TRUE;FALSE;FALSE;FALSE;TRUE;FALSE;"olivedrab";"purple";"orange";-3;-0,184926092579199;-3
"230";0,2;0,779977141904303;0,13540618255005;1,42411813231138;4,21800975109937;0,000954433710278167;12,6742710800695;2,38810203365658;43,6691196676838;-0,125144769507832;-0,00404286539206825;-5,55353838233604;8,4017746469588;1,18918231760177;7,24683718459696;FALSE;FALSE;TRUE;TRUE;FALSE;FALSE;FALSE;TRUE;FALSE;"olivedrab";"purple";"orange";-3;-0,400022592571223;-2,72948769123068
"231";0,24;0,779977141904303;0,196018247762219;1,57822560231023;3,37830195960928;0,00124886965622176;2,73210117194955;2,74417156511527;44,4003044931678;-0,113245605413808;0,025282100938247;-1,66141236295909;4,81786356757955;0,131515538498394;6,62508838072017;TRUE;FALSE;FALSE;TRUE;FALSE;FALSE;FALSE;TRUE;FALSE;"camel";"purple";"orange";-3;-0,954818215235336;-2,03935501475634
"232";0,28;0,779977141904303;0,262156318903899;1,69747517745522;2,55023363862048;0,00147181914469774;0,333883058569999;2,51787204350331;45,0403715315556;-0,0930363179421751;0,0573489557499737;0,564956735917045;2,82999361899339;-0,559798800260972;5,66026607750194;TRUE;FALSE;FALSE;FALSE;TRUE;FALSE;TRUE;FALSE;FALSE;"camel";"blue";"green";-3;-2,93769186481792;-1,60717490318409
"233";0,32;0,779977141904303;0,332385845254223;1,78254771949963;1,73386770184968;0,00161062138123623;0,00452904892456299;1,97143812560125;45,5850925237179;-0,0662725027563254;0,0910441932647706;1,65064565378185;1,91444978521741;-1,01807677016345;4,4858121738628;TRUE;FALSE;FALSE;FALSE;TRUE;FALSE;TRUE;FALSE;FALSE;"camel";"blue";"green";-3;-3;-1,23487893165832
"234";0,36;0,779977141904303;0,405307760945413;1,83412912014732;0,929265520268912;0,00166928650166815;0,0321765029650026;1,36578924544698;46,0308376129808;-0,0347702969487362;0,125385818839563;1,48255450340999;2,18570373688464;-1,36128531831369;3,21981635885151;TRUE;FALSE;FALSE;FALSE;TRUE;FALSE;TRUE;FALSE;FALSE;"camel";"blue";"green";-3;-3;-0,795148014670996
"235";0,4;0,779977141904303;0,479558818117776;1,85291015114823;0,136486911060494;0,0016620005784341;0,046565893545021;0,865329762147666;46,3746152406793;-0,000344290595367669;0,159461926830919;1,42996693687233;2,27585336542412;-1,68673239763808;1,95970621975907;TRUE;FALSE;FALSE;FALSE;TRUE;FALSE;TRUE;FALSE;FALSE;"camel";"blue";"green";-3;-3;-0,1467236710161
"236";0,44;0,779977141904303;0,553811908399383;1,83958631308739;-0,644409872990579;0,00160776732258473;0,0336877085071217;0,529285654571232;46,6141052580206;0,0352232835038745;0,192400533294891;1,47985037521955;2,19932225095523;-2,070323280747;0,781503534765839;FALSE;TRUE;FALSE;FALSE;TRUE;FALSE;TRUE;FALSE;FALSE;"yellow";"blue";"green";-3;-3;0,885762161624418
"237";0,48;0,779977141904303;0,626776372591014;1,79485768292644;-1,41336815365534;0,00152615534877086;0,0194612330785408;0,346942692765792;46,747684747562;0,0702083444964801;0,223344400685548;1,52143580108239;2,0682795647705;-2,56782303254863;-0,258913274762048;FALSE;TRUE;FALSE;FALSE;TRUE;FALSE;FALSE;FALSE;TRUE;"yellow";"blue";"cyan";-3;-3;2,39953135346088
"238";0,52;0,779977141904303;0,697198298442973;1,71942876035887;-2,17033283695756;0,00143412039658476;0,0122792976861863;0,284350118814273;46,7744461570695;0,102974889417263;0,251421707468683;1,50224124596513;1,93661627475261;-3,21547362751379;-1,12519204640132;FALSE;TRUE;FALSE;FALSE;TRUE;FALSE;FALSE;FALSE;TRUE;"yellow";"blue";"cyan";-3;-3;3
"239";0,56;0,779977141904303;0,763860806416785;1,61400831304209;-2,9152504223961;0,00134387221537825;0,0129035440422099;0,319876298575438;46,6942074657101;0,132010755785971;0,275710857047599;1,39136861963779;1,8366480064464;-4,02375916331499;-1,8067416814772;FALSE;TRUE;FALSE;FALSE;TRUE;FALSE;FALSE;FALSE;TRUE;"yellow";"blue";"cyan";-3;-3;3
"240";0,6;0,779977141904303;0,825584323331312;1,47930922077128;-3,64806901168096;0,00126175595638231;0,020528545851644;0,455672213846767;46,5075142252003;0,155964042175545;0,29520460448708;1,19848977070092;1,76012867084164;-4,97111324572111;-2,32502477764081;FALSE;TRUE;FALSE;FALSE;TRUE;FALSE;FALSE;FALSE;TRUE;"yellow";"blue";"cyan";-3;-3;3
"241";0,64;0,779977141904303;0,881226843799725;1,3160483186618;-4,36873831697149;0,00118811790879189;0,0242037031291011;0,701842078556309;46,2156334442784;0,173668676116215;0,308785011483235;1,01112615010276;1,62097048722084;-6,01071804991719;-2,72675858402579;FALSE;TRUE;FALSE;FALSE;TRUE;FALSE;FALSE;FALSE;TRUE;"yellow";"blue";"cyan";-3;-3;3
"242";0,68;0,779977141904303;0,92968417937061;1,12494623940875;-5,07720966860539;0,00111812529662355;0,00715143826714901;1,04017152045912;45,8205394112402;0,184146157708709;0,315222201032511;0,959199578471071;1,29069290034642;-7,07615340525796;-3,07826593195283;FALSE;TRUE;FALSE;FALSE;TRUE;FALSE;FALSE;FALSE;TRUE;"yellow";"blue";"cyan";-3;-3;3
"243";0,72;0,779977141904303;0,969890195293998;0,906727254694057;-5,77343602230756;0,00104350964974394;0,046751615757955;1,38486660222891;45,3248916737844;0,1865766947709;0,313203695817095;0,482941451799365;1,33051305758875;-8,07992860296265;-3,46694344165248;FALSE;TRUE;FALSE;FALSE;TRUE;FALSE;FALSE;FALSE;TRUE;"yellow";"blue";"cyan";-3;-3;3
"244";0,76;0,779977141904303;1;0,662119115812884;-6,45737196586858;0,000955203002618881;0,706371952987755;1,56916925511811;44,7320055156399;0,1794246502283;0,3005753497717;-0,985150980284216;2,30938921190998;-8,91254997901456;-4,00219395272259;FALSE;TRUE;FALSE;TRUE;FALSE;FALSE;FALSE;FALSE;TRUE;"yellow";"purple";"cyan";-3;-0,787806215594811;3
"245";0,8;0,779977141904303;1;0,391852893592965;-7,1289737252821;0,000846835883166869;4,13202868569204;1,39921201955;44,0458153830406;0,142964176405774;0,257035823594226;-3,59224274306196;4,37594853024789;-9,44738166059495;-4,81056578996925;FALSE;TRUE;FALSE;TRUE;FALSE;FALSE;FALSE;FALSE;TRUE;"yellow";"purple";"cyan";-3;-0,192770864136397;3
"246";0,84;0,779977141904303;1;0,0966628176820026;-7,78819917033246;0,000719065754745089;16,637847362274;0,830354830295368;43,270831818908;0,107442778933579;0,21255722106642;-7,89793570301746;8,09126133838147;-9,57419297971258;-6,00220536095234;FALSE;TRUE;FALSE;TRUE;FALSE;FALSE;FALSE;FALSE;TRUE;"yellow";"purple";"cyan";-3;-0,0236979556647343;3
"247";0,88;0,779977141904303;1;-0,22271388472066;-8,43500781962112;0,000584704287932896;54,1476285782433;0,336832910805222;42,4120925566248;0,0726067784975795;0,167393221502421;-14,6451230254143;14,1996952559729;-9,57251815201938;-7,29749748722286;FALSE;TRUE;FALSE;TRUE;FALSE;FALSE;FALSE;FALSE;TRUE;"yellow";"purple";"cyan";-3;0,0302661773529819;3
"248";0,92;0,779977141904303;1;-0,565537150609498;-9,0693608450243;0,000474611584654807;152,723068940347;1,5631929812888;41,4751085067977;0,0373010438268588;0,122698956173141;-24,7870024304883;23,6559281292693;-11,5198590528219;-6,61886263722675;FALSE;TRUE;FALSE;TRUE;FALSE;FALSE;FALSE;FALSE;TRUE;"yellow";"purple";"cyan";-3;0,0457624026583897;3
"249";0,96;0,779977141904303;0,982993693060897;-0,931064243317435;-9,69122107557546;0,000444325272662649;387,631551881548;8,36609699428469;40,465805437997;-0,0183204357321355;0,064307821853929;-39,5195423702755;37,6574138836407;-15,3602613024108;-4,0221808487401;TRUE;FALSE;FALSE;TRUE;FALSE;FALSE;FALSE;FALSE;TRUE;"camel";"purple";"cyan";-3;0,0472900843145809;3
"250";1;0,779977141904303;0,9388291524465;-1,31854991497735;-10,3005530007568;0,000581392248982391;906,081306323673;28,3780631501488;39,390462204991;-0,108429649729778;-0,0139120453772218;-60,3157873625319;57,6786875325772;-20,7414897883422;0,140383786828631;FALSE;FALSE;TRUE;TRUE;FALSE;FALSE;TRUE;FALSE;FALSE;"olivedrab";"purple";"green";-3;0,0438039212848104;1,9336112566388
"251";0,04;1;0;0,496390289497977;7,37748594466699;0,000373414833699439;972,346753675115;10,3698703544838;43,3580837393355;-0,0778742353941665;-0,00212576460583345;-60,6201378651556;61,6129184441516;1,06595443934388;13,6890174499901;FALSE;FALSE;TRUE;TRUE;FALSE;FALSE;FALSE;TRUE;FALSE;"olivedrab";"purple";"orange";0;-0,015918886740908;-2,29098226568347
"252";0,08;1;0,000880087755606599;0,781354274827328;6,54372661959371;0,000191407307867734;408,802845001658;1,84470293620561;44,0818286594927;-0,106236019840319;-0,0520038046484676;-38,8469095637068;40,4096181133614;3,88170664110981;9,2057465980776;FALSE;FALSE;TRUE;TRUE;FALSE;FALSE;FALSE;TRUE;FALSE;"olivedrab";"purple";"orange";-0,0636131236063836;-0,0386447976643083;-3
"253";0,12;1;0,0371585644381403;1,03162748092907;5,71706625614525;0,000330121803269232;156,506226245414;0,4516942246299;44,7517218118841;-0,11845251969408;-0,0472303514296398;-23,4880018658615;25,5512568277197;4,39980972704353;7,03432278524698;FALSE;FALSE;TRUE;TRUE;FALSE;FALSE;FALSE;TRUE;FALSE;"olivedrab";"purple";"orange";-2,04513425498529;-0,0824626130960421;-3
"254";0,16;1;0,0829345002351635;1,24762743138832;4,89752814284083;0,000620507915499149;52,9879506866257;1,35909653830044;45,3649677516984;-0,125888195361298;-0,0282428041683751;-13,019503694232;15,5147585570086;2,61259633089784;7,18245995478382;FALSE;FALSE;TRUE;TRUE;FALSE;FALSE;FALSE;TRUE;FALSE;"olivedrab";"purple";"orange";-3;-0,171394291544301;-3
"255";0,2;1;0,136795433614303;1,42977353934256;4,08513522166538;0,000948135006747255;15,0907847220609;2,36616865512176;45,9189819192064;-0,12355538729874;-0,00285374547265477;-6,18407096141768;9,04361804010281;1,07024891344952;7,10002152988124;FALSE;FALSE;TRUE;TRUE;FALSE;FALSE;FALSE;TRUE;FALSE;"olivedrab";"purple";"orange";-3;-0,368053831790231;-2,65572797376177
"256";0,24;1;0,19735088196549;1,57848707354516;3,27991008660682;0,00124200128090087;3,26638219071152;2,75839208136877;46,4114087185463;-0,111722244327085;0,0264240082580654;-1,96378235131046;5,12075649840078;0,0247219826861147;6,53509819052752;TRUE;FALSE;FALSE;TRUE;FALSE;FALSE;FALSE;TRUE;FALSE;"camel";"purple";"orange";-3;-0,873388622701009;-1,97484920596024
"257";0,28;1;0,263232466156572;1,69419112425325;2,48187498223086;0,00146453683838146;0,405647329255107;2,54595616694812;46,840138144298;-0,0917739199450926;0,0582388522582362;0,445881262456892;2,94250098604961;-0,645453873937528;5,60920383839924;TRUE;FALSE;FALSE;FALSE;TRUE;FALSE;TRUE;FALSE;FALSE;"camel";"blue";"green";-3;-2,66003953672641;-1,55544421550324
"258";0,32;1;0,333094032411353;1,77731056894381;1,69105180229166;0,00160277916798778;0,00560525434739597;1,99585739125574;47,203320792253;-0,0653725857934062;0,0915606506161121;1,6305715020426;1,92404963584502;-1,07788372972907;4,4599873343124;TRUE;FALSE;FALSE;FALSE;TRUE;FALSE;TRUE;FALSE;FALSE;"camel";"blue";"green";-3;-3;-1,19699450931759
"259";0,36;1;0,405611771494052;1,82827203786309;0,907462088376953;0,00166069993969867;0,0337567304024188;1,37956549785559;47,4993811055019;-0,0342600660451061;0,12548360903321;1,46816776162888;2,1883763140973;-1,3946117702259;3,20953594697981;TRUE;FALSE;FALSE;FALSE;TRUE;FALSE;TRUE;FALSE;FALSE;"camel";"blue";"green";-3;-3;-0,772604668572091
"260";0,4;1;0,479484335184682;1,84750387941391;0,131127028589459;0,00165266230526349;0,0496060652781663;0,86940648549508;47,7270287235643;-0,000193981754013195;0,159162652123377;1,41097248647322;2,2840352723546;-1,69638198984896;1,95863604702788;TRUE;FALSE;FALSE;FALSE;TRUE;FALSE;TRUE;FALSE;FALSE;"camel";"blue";"green";-3;-3;-0,140630908434421
"261";0,44;1;0,553432950030354;1,83543612538612;-0,637932543734196;0,0015979881978908;0,0349719247446332;0,527690358104251;47,885267820578;0,0350836943979441;0,191782205662764;1,46890753334053;2,20196471743171;-2,06169543857828;0,785830351109892;FALSE;TRUE;FALSE;FALSE;TRUE;FALSE;TRUE;FALSE;FALSE;"yellow";"blue";"green";-3;-3;0,878183309041753
"262";0,48;1;0,626201528358061;1,79250045603511;-1,39969615126779;0,00151661535370166;0,0193952505519541;0,34326026178451;47,9734043383258;0,0698731887450614;0,222529867971061;1,51954248067558;2,06545843139465;-2,54800802546655;-0,251384277069024;FALSE;TRUE;FALSE;FALSE;TRUE;FALSE;FALSE;FALSE;TRUE;"yellow";"blue";"cyan";-3;-3;2,38903220233473
"263";0,52;1;0,696556776534922;1,71913016501343;-2,15414367390122;0,00142582396092567;0,0120340830904021;0,280649614623958;47,9910510408511;0,102548371394324;0,25056518167552;1,50412217763485;1,93413815239202;-3,19246151426688;-1,11582583353555;FALSE;TRUE;FALSE;FALSE;TRUE;FALSE;FALSE;FALSE;TRUE;"yellow";"blue";"cyan";-3;-3;3
"264";0,56;1;0,763288300462576;1,61576012416104;-2,90125534990758;0,00133801298299906;0,0130722886363253;0,317496135846859;47,9381303393401;0,131595052693034;0,274981548232119;1,39166938698372;1,83985086133835;-4,00563224734125;-1,79687845247391;FALSE;TRUE;FALSE;FALSE;TRUE;FALSE;FALSE;FALSE;TRUE;"yellow";"blue";"cyan";-3;-3;3
"265";0,6;1;0,825208708292788;1,48282674815925;-3,64101177707099;0,00125950630351343;0,021250880528954;0,456368521914898;47,8148748585397;0,155650519706889;0,294766896878688;1,19710943602107;1,76854406029743;-4,96506649044091;-2,31695706370106;FALSE;TRUE;FALSE;FALSE;TRUE;FALSE;FALSE;FALSE;TRUE;"yellow";"blue";"cyan";-3;-3;3
"266";0,64;1;0,881153710352049;1,32076795905403;-4,3733939137744;0,00119036890892744;0,0248273088701171;0,70780677363603;47,6218257389459;0,173531575328971;0,308775845375126;1,0119426287244;1,62959328938367;-6,02233617290028;-2,72445165464851;FALSE;TRUE;FALSE;FALSE;TRUE;FALSE;FALSE;FALSE;TRUE;"yellow";"blue";"cyan";-3;-3;3
"267";0,68;1;0,929982216263384;1,13002315065405;-5,09838308004699;0,00112521336348691;0,00664262794171552;1,05225690572189;47,3598286920399;0,184236792085502;0,315727640441267;0,970281541486958;1,28976475982114;-7,10890579121483;-3,08786036887916;FALSE;TRUE;FALSE;FALSE;TRUE;FALSE;FALSE;FALSE;TRUE;"yellow";"blue";"cyan";-3;-3;3
"268";0,72;1;0,970576429254284;0,911033152809123;-5,81596095857035;0,00105497684411975;0,0566032211230983;1,3997937441198;47,0300278486618;0,186916001173161;0,314236857335407;0,444729664656797;1,37733664096145;-8,13485078465124;-3,49707113248946;FALSE;TRUE;FALSE;FALSE;TRUE;FALSE;FALSE;FALSE;TRUE;"yellow";"blue";"cyan";-3;-3;3
"269";0,76;1;1;0,664240195574828;-6,52610959564335;0,000969648995231082;0,8149872020321;1,57817378979553;46,6338574629105;0,178968314084341;0,301031685915659;-1,10514946642703;2,43362985757668;-8,98832193932907;-4,06389725195764;FALSE;TRUE;FALSE;TRUE;FALSE;FALSE;FALSE;FALSE;TRUE;"yellow";"purple";"cyan";-3;-0,735783015109049;3
"270";0,8;1;1;0,390087873269027;-7,22881140210433;0,000861930838197924;4,71810311372528;1,3919496091826;46,1730315554395;0,142458086395883;0,257541913604117;-3,86718811298843;4,64736385952648;-9,54119482709168;-4,91642797711698;FALSE;TRUE;FALSE;TRUE;FALSE;FALSE;FALSE;FALSE;TRUE;"yellow";"purple";"cyan";-3;-0,17958858783906;3
"271";0,84;1;1;0,0890211084261413;-7,92404915421105;0,000731804931654525;18,937503092706;0,80821826763997;45,6495316004203;0,10697926339882;0,21302073660118;-8,44020149960782;8,61824371646011;-9,68607559932239;-6,16202270909972;FALSE;TRUE;FALSE;TRUE;FALSE;FALSE;FALSE;FALSE;TRUE;"yellow";"purple";"cyan";-3;-0,0204565145497229;3
"272";0,88;1;1;-0,238513884344728;-8,61180599447706;0,000591996929911076;61,5524606762419;0,338184405349571;45,0655923794993;0,0723121417105911;0,167687858289409;-15,6154850750629;15,1384573063735;-9,75159609223686;-7,47201589671725;FALSE;TRUE;FALSE;TRUE;FALSE;FALSE;FALSE;FALSE;TRUE;"yellow";"purple";"cyan";-3;0,0304012160347023;3
"273";0,92;1;1;-0,592069634591966;-9,29206543246511;0,000474308631418558;173,43454372776;1,69821486111267;44,4236861435498;0,0373146737637606;0,122685326236239;-26,4037270361628;25,2195877669788;-11,8462037328817;-6,73792713204849;FALSE;TRUE;FALSE;TRUE;FALSE;FALSE;FALSE;FALSE;TRUE;"yellow";"purple";"cyan";-3;0,0449577933755398;3
"274";0,96;1;0,981582388317057;-0,97119745233768;-9,964811345535;0,000436802550288675;439,619942926704;8,84957390812247;43,7265052387027;-0,0193805096481514;0,0625452862822664;-42,0659891844883;40,1235942798129;-15,7953579535934;-4,13426473747657;TRUE;FALSE;FALSE;TRUE;FALSE;FALSE;FALSE;FALSE;TRUE;"camel";"purple";"cyan";-3;0,0463200310361883;3
"275";1;1;0,935213399411696;-1,37544746447152;-10,6300279795462;0,000571817984526497;1025,6730418105;29,532690965966;42,9769433668394;-0,111654662640098;-0,0179185385365096;-64,145510023076;61,3946150941329;-21,2812540221219;0,0211980630295709;FALSE;FALSE;TRUE;TRUE;FALSE;FALSE;TRUE;FALSE;FALSE;"olivedrab";"purple";"green";-3;0,0429476629957823;1,95606326551354
